Workbook
Name NativeTimeline_Date: #N/A
Name Slicer_Project: #N/A

Sheet Marketing Data
L1: Handwritten | M1: Handwritten | N1: =IF(Table1[[#This Row],[Project]]="ყველა პროექტი",SUMIFS($D:$D,$F:$F,"lead",$A:$A,Table1[[#This Row],[Date]],$G:$G,"YES",$E:$E,"FB"),SUMIFS($D:$D,$F:$F,"lead",$C:$C,Table1[[#This Row],[Project]],$A:$A,Table1[[#This Row],[Date]],$G:$G,"YES",$E:$E,"FB")) -> #VALUE! | O1: =IF(Table1[[#This Row],[Project]]="ყველა პროექტი",SUMIFS($D:$D,$F:$F,Table1[[#Headers],[Lead]],$A:$A,Table1[[#This Row],[Date]],$G:$G,"YES"),SUMIFS($D:$D,$F:$F,Table1[[#Headers],[Lead]],$C:$C,$M1,$A:$A,Table1[[#This Row],[Date]],$G:$G,"YES")) -> #VALUE! | P1: =IF(Table1[[#This Row],[Project]]="ყველა პროექტი",SUMIFS($D:$D,$F:$F,Table1[[#Headers],[Impressions]],$A:$A,Table1[[#This Row],[Date]],$G:$G,"YES"),SUMIFS($D:$D,$F:$F,Table1[[#Headers],[Impressions]],$C:$C,Table1[[#This Row],[Project]],$A:$A,Table1[[#This Row],[Date]],$G:$G,"YES")) -> #VALUE! | Q1: =IF(Table1[[#This Row],[Project]]="ყველა პროექტი",SUMIFS($D:$D,$F:$F,Table1[[#Headers],[Reach]],$A:$A,Table1[[#This Row],[Date]],$G:$G,"YES"),SUMIFS($D:$D,$F:$F,Table1[[#Headers],[Reach]],$C:$C,Table1[[#This Row],[Project]],$A:$A,Table1[[#This Row],[Date]],$G:$G,"YES")) -> #VALUE! | R1: =IF(Table1[[#This Row],[Project]]="ყველა პროექტი",SUMIFS($D:$D,$H:$H,Table1[[#Headers],[Messages Reach]],$A:$A,Table1[[#This Row],[Date]],$G:$G,"YES"),SUMIFS($D:$D,$H:$H,Table1[[#Headers],[Messages Reach]],$C:$C,Table1[[#This Row],[Project]],$A:$A,Table1[[#This Row],[Date]],$G:$G,"YES")) -> #VALUE! | S1: =IF(Table1[[#This Row],[Project]]="ყველა პროექტი",SUMIFS($D:$D,$H:$H,Table1[[#Headers],[Messaging Costs]],$A:$A,Table1[[#This Row],[Date]],$G:$G,"YES"),SUMIFS($D:$D,$H:$H,Table1[[#Headers],[Messaging Costs]],$C:$C,Table1[[#This Row],[Project]],$A:$A,Table1[[#This Row],[Date]],$G:$G,"YES")) -> #VALUE! | T1: =IF(Table1[[#This Row],[Project]]="ყველა პროექტი",SUMIFS($D:$D,$F:$F,Table1[[#Headers],[Facebook Costs]],$A:$A,Table1[[#This Row],[Date]],$G:$G,"YES"),SUMIFS($D:$D,$F:$F,Table1[[#Headers],[Facebook Costs]],$C:$C,Table1[[#This Row],[Project]],$A:$A,Table1[[#This Row],[Date]],$G:$G,"YES")) -> #VALUE! | U1: =Table1[[#This Row],[Facebook Costs]]+Table1[[#This Row],[Web Marketing]] -> #VALUE! | V1: =IF(Table1[[#This Row],[Project]]="ყველა პროექტი",SUMIFS($D:$D,$F:$F,Table1[[#Headers],[Web Marketing]],$A:$A,Table1[[#This Row],[Date]],$G:$G,"YES"),SUMIFS($D:$D,$F:$F,Table1[[#Headers],[Web Marketing]],$C:$C,Table1[[#This Row],[Project]],$A:$A,Table1[[#This Row],[Date]],$G:$G,"YES")) -> #VALUE! | W1: =IF(Table1[[#This Row],[Project]]="ყველა პროექტი",SUMIFS($D:$D,$F:$F,Table1[[#Headers],[Results]],$A:$A,Table1[[#This Row],[Date]],$G:$G,"YES"),SUMIFS($D:$D,$F:$F,Table1[[#Headers],[Results]],$C:$C,Table1[[#This Row],[Project]],$A:$A,Table1[[#This Row],[Date]],$G:$G,"YES")) -> #VALUE! | X1: =IF(Table1[[#This Row],[Project]]="სამგორი",SUMIFS(REPORT!$165:$165,REPORT!$1:$1,'Marketing Data'!L1),IF(Table1[[#This Row],[Project]]="ლისი",SUMIFS(REPORT!$171:$171,REPORT!$1:$1,'Marketing Data'!L1),IF(Table1[[#This Row],[Project]]="ყველა პროექტი",SUMIFS(REPORT!$27:$27,REPORT!$1:$1,'Marketing Data'!L1),SUMIFS(REPORT!$177:$177,REPORT!$1:$1,'Marketing Data'!L1)))) -> #VALUE! | Y1: =IF(Table1[[#This Row],[Project]]="სამგორი",SUMIFS(REPORT!$45:$45,REPORT!$1:$1,'Marketing Data'!L1),IF(Table1[[#This Row],[Project]]="ლისი",SUMIFS(REPORT!$51:$51,REPORT!$1:$1,'Marketing Data'!L1),IF(Table1[[#This Row],[Project]]="ყველა პროექტი",SUMIFS(REPORT!$3:$3,REPORT!$1:$1,'Marketing Data'!L1),SUMIFS(REPORT!$57:$57,REPORT!$1:$1,'Marketing Data'!L1)))) -> #VALUE! | Z1: =IF(Table1[[#This Row],[Project]]="ყველა პროექტი",SUMIFS($D:$D,$G:$G,"yes",$A:$A,Table1[[#This Row],[Date]],$H:$H,Table1[[#Headers],[Activity]]),SUMIFS($D:$D,$G:$G,"yes",$A:$A,Table1[[#This Row],[Date]],$C:$C,Table1[[#This Row],[Project]],$H:$H,Table1[[#Headers],[Activity]])) -> #VALUE! | AA1: =1 -> 1 | AB1: =IFERROR(Table1[[#This Row],[Impressions]]/Table1[[#This Row],[Reach]],"") | AC1: =IFERROR(Table1[[#This Row],[Facebook Costs]]/(Table1[[#This Row],[Impressions]]/1000),"") | AD1: =IFERROR(Table1[[#This Row],[Facebook Costs]]/Table1[[#This Row],[Activity]],"") | AE1: =IFERROR(Table1[[#This Row],[Facebook Costs]]/Table1[[#This Row],[Results]],"") | AF1: =IFERROR((Table1[[#This Row],[Web Marketing]]+Table1[[#This Row],[Facebook Costs]])/Table1[[#This Row],[Sales]],"") | AG1: =IFERROR(Table1[[#This Row],[FB Lead]]/Table1[[#This Row],[Activity]],"") | AH1: =IFERROR(Table1[[#This Row],[Sales]]/Table1[[#This Row],[Activity]],"") | AI1: =IFERROR(Table1[[#This Row],[Activity]]/Table1[[#This Row],[Messages Reach]],0) -> 0 | AJ1: =Table1[[#This Row],[Sales]]/Table1[[#This Row],[Lead]] -> #VALUE!
A2: Month | B2: Date | C2: Project | D2: Number | E2: Description | F2: Report Description | G2: Use in Report | H2: Report Description 2 | L2: Date | M2: Project | N2: FB Lead | O2: Lead | P2: Impressions | Q2: Reach | R2: Messages Reach | S2: Messaging Costs | T2: Facebook Costs | U2: Total Marketing Cost | V2: Web Marketing | W2: Results | X2: Stock | Y2: Sales | Z2: Activity | AA2: Count | AB2: Frequency | AC2: Cost Per Impression | AD2: Cost Per Message | AE2: Cost Per Result | AF2: Cost Per Sale | AG2: Activity to Lead Progression Rate | AH2: Activity-to-Sale Conversion Rate | AI2: Reach-to-Message Conversion Rate (%) | AJ2: Lead Conversion Rate | AS2: Average Sale | AT2: =GETPIVOTDATA("Sales",$AS$5) -> 5.0714286 | BI2: Average Lead | BJ2: =GETPIVOTDATA("Lead",$BI$5) -> 41.892857 | BY2: Average Frequency | BZ2: =GETPIVOTDATA("Frequency",$BY$5) -> 2.8476898 | CO2: Average Cost | CP2: =GETPIVOTDATA("Cost Per Impression",$CO$5) -> 2.2967244 | DF2: Average Cost | DG2: =GETPIVOTDATA("Cost Per Message",$DF$5) -> 25.469041 | DU2: Average Cost | DV2: =GETPIVOTDATA("Cost Per Sale",$DU$5) -> 859.05054 | EK2: Average % | EL2: =GETPIVOTDATA("Activity to Lead Progression Rate",$EK$5) -> 0.22148475 | EY2: Average % | EZ2: =GETPIVOTDATA("Activity-to-Sale Conversion Rate",$EY$5) -> 0.04287173 | FN2: Average % | FO2: =GETPIVOTDATA("Reach-to-Message Conversion Rate (%)",$FN$5) -> 0.00092838801 | GB2: Average % | GC2: =GETPIVOTDATA("Lead Conversion Rate",$GB$5) -> 0.12553973 | GQ2: Average cost | GR2: =GETPIVOTDATA("Total Marketing Cost",$GQ$5) -> 3162.4004 | HH2: Average Stock | HI2: =GETPIVOTDATA("Stock",$HH$5) -> 53.821429 | IC2: =GETPIVOTDATA("Cost Per Result",$IB$5) -> 1.7752885
A3: =EOMONTH(B3,0) -> 44712 | B3: 2022-05-24 13:44:19 | C3: სამგორი | D3: 1 | E3: Internet | F3: Lead | G3: Yes | L3: 45322 | M3: სამგორი | N3: 139 | O3: 208 | P3: 2269807 | Q3: 1078260 | R3: 148217 | S3: 649.89 | T3: 1819.89 | U3: 1819.89 | V3: 0 | W3: 116024 | X3: 103 | Y3: 4 | Z3: 290 | AA3: 1 | AB3: 2.1050646 | AC3: 0.80178183 | AD3: 6.2754828 | AE3: 0.015685462 | AF3: 454.9725 | AG3: 0.47931034 | AH3: 0.013793103 | AI3: 0.0019565907 | AJ3: 0.019230769
A4: 44712 | B4: 2022-05-24 17:04:05 | C4: სამგორი | D4: 1 | E4: Construction Site | F4: Lead | G4: Yes | L4: 45322 | M4: ლისი | N4: 16 | O4: 28 | P4: 2416745 | Q4: 1195220 | R4: 27028 | S4: 200 | T4: 1680 | U4: 1680 | V4: 0 | W4: 112170 | X4: 38 | Y4: 6 | Z4: 41 | AA4: 1 | AB4: 2.0220085 | AC4: 0.69514988 | AD4: 40.97561 | AE4: 0.014977267 | AF4: 280 | AG4: 0.3902439 | AH4: 0.14634146 | AI4: 0.0015169454 | AJ4: 0.21428571
A5: 44712 | B5: 2022-05-24 17:12:56 | C5: სამგორი | D5: 1 | E5: FB | F5: Lead | G5: Yes | L5: 45322 | M5: უნივერსიტეტი | N5: 37 | O5: 82 | P5: 2067422 | Q5: 1113380 | R5: 96256 | S5: 450 | T5: 1450 | U5: 1450 | V5: 0 | W5: 34874 | X5: 12 | Y5: 6 | Z5: 171 | AA5: 1 | AB5: 1.856888 | AC5: 0.70135657 | AD5: 8.4795322 | AE5: 0.041578253 | AF5: 241.66667 | AG5: 0.21637427 | AH5: 0.035087719 | AI5: 0.0017765126 | AJ5: 0.073170732 | AL5: Sum of Sales | AM5: Column Labels | AS5: Average of Sales | AT5: Column Labels | BA5: Sum of Lead | BB5: Column Labels | BI5: Average of Lead | BJ5: Column Labels | BQ5: Sum of Frequency | BR5: Column Labels | BY5: Average of Frequency | BZ5: Column Labels | CG5: Sum of Cost Per Impression | CH5: Column Labels | CO5: Average of Cost Per Impression | CP5: Column Labels | CX5: Sum of Cost Per Message | CY5: Column Labels | DF5: Average of Cost Per Message | DG5: Column Labels | DN5: Sum of Cost Per Sale | DO5: Column Labels | DU5: Average of Cost Per Sale | DV5: Column Labels | EC5: Sum of Activity to Lead Progression Rate | ED5: Column Labels | EK5: Average of Activity to Lead Progression Rate | EL5: Column Labels | ER5: Sum of Activity-to-Sale Conversion Rate | ES5: Column Labels | EY5: Average of Activity-to-Sale Conversion Rate | EZ5: Column Labels | FF5: Sum of Reach-to-Message Conversion Rate (%) | FG5: Column Labels | FN5: Average of Reach-to-Message Conversion Rate (%) | FO5: Column Labels | FU5: Sum of Lead Conversion Rate | FV5: Column Labels | GB5: Average of Lead Conversion Rate | GC5: Column Labels | GJ5: Sum of Total Marketing Cost | GK5: Column Labels | GQ5: Average of Total Marketing Cost | GR5: Column Labels | GZ5: Sum of Stock | HA5: Column Labels | HH5: Average of Stock | HI5: Column Labels | HQ5: Sum of Cost Per Result | HR5: Column Labels | IB5: Average of Cost Per Result | IC5: Column Labels
A6: 44712 | B6: 2022-05-24 18:38:14 | C6: ლისი | D6: 1 | E6: Other | F6: Lead | G6: Yes | L6: 45322 | M6: ყველა პროექტი | N6: 192 | O6: 318 | P6: 6753974 | Q6: 3386860 | R6: 271501 | S6: 1299.89 | T6: 4949.89 | U6: 4949.89 | V6: 0 | W6: 263068 | X6: 153 | Y6: 16 | Z6: 502 | AA6: 1 | AB6: 1.9941698 | AC6: 0.73288556 | AD6: 9.8603386 | AE6: 0.01881601 | AF6: 309.36813 | AG6: 0.38247012 | AH6: 0.03187251 | AI6: 0.0018489803 | AJ6: 0.050314465 | AL6: Row Labels | AM6: ლისი | AN6: Grand Total | AS6: Row Labels | AT6: ლისი | AU6: Grand Total | BA6: Row Labels | BB6: ლისი | BC6: Grand Total | BI6: Row Labels | BJ6: ლისი | BK6: Grand Total | BQ6: Row Labels | BR6: ლისი | BS6: Grand Total | BY6: Row Labels | BZ6: ლისი | CA6: Grand Total | CG6: Row Labels | CH6: ლისი | CI6: Grand Total | CO6: Row Labels | CP6: ლისი | CQ6: Grand Total | CX6: Row Labels | CY6: ლისი | CZ6: Grand Total | DF6: Row Labels | DG6: ლისი | DH6: Grand Total | DN6: Row Labels | DO6: ლისი | DP6: Grand Total | DU6: Row Labels | DV6: ლისი | DW6: Grand Total | EC6: Row Labels | ED6: ლისი | EE6: Grand Total | EK6: Row Labels | EL6: ლისი | EM6: Grand Total | ER6: Row Labels | ES6: ლისი | ET6: Grand Total | EY6: Row Labels | EZ6: ლისი | FA6: Grand Total | FF6: Row Labels | FG6: ლისი | FH6: Grand Total | FN6: Row Labels | FO6: ლისი | FP6: Grand Total | FU6: Row Labels | FV6: ლისი | FW6: Grand Total | GB6: Row Labels | GC6: ლისი | GD6: Grand Total | GJ6: Row Labels | GK6: ლისი | GL6: Grand Total | GQ6: Row Labels | GR6: ლისი | GS6: Grand Total | GZ6: Row Labels | HA6: ლისი | HB6: Grand Total | HH6: Row Labels | HI6: ლისი | HJ6: Grand Total | HQ6: Row Labels | HR6: ლისი | HS6: Grand Total | IB6: Row Labels | IC6: ლისი | ID6: Grand Total | IL6: Total Costs | IM6: =GETPIVOTDATA("Total Marketing Cost",$GJ$5) -> 88547.21 | IN6: =TEXT(IM6,"$ ##,###.00") -> $ 88,547.21
A7: 44712 | B7: 2022-05-24 17:25:21 | D7: 1 | E7: Co-worker / Acquaintance | F7: Lead | G7: No | L7: 45351 | M7: სამგორი | N7: 180 | O7: 289 | P7: 3627430 | Q7: 1646560 | R7: 0 | S7: 0 | T7: 2500 | U7: 2500 | V7: 0 | W7: 37029 | X7: 155 | Y7: 12 | Z7: 0 | AA7: 1 | AB7: 2.2030354 | AC7: 0.68919318 | AE7: 0.067514651 | AF7: 208.33333 | AI7: 0 | AJ7: 0.041522491 | AL7: 2024 | AM7: 47 | AN7: 47 | AS7: 2024 | AT7: 3.9166667 | AU7: 3.9166667 | BA7: 2024 | BB7: 540 | BC7: 540 | BI7: 2024 | BJ7: 45 | BK7: 45 | BQ7: 2024 | BR7: 29.27275 | BS7: 29.27275 | BY7: 2024 | BZ7: 2.4393958 | CA7: 2.4393958 | CG7: 2024 | CH7: 30.775078 | CI7: 30.775078 | CO7: 2024 | CP7: 2.5645899 | CQ7: 2.5645899 | CX7: 2024 | CY7: 290.85013 | CZ7: 290.85013 | DF7: 2024 | DG7: 24.237511 | DH7: 24.237511 | DN7: 2024 | DO7: 7661.5239 | DP7: 7661.5239 | DU7: 2024 | DV7: 696.50218 | DW7: 696.50218 | EC7: 2024 | ED7: 3.3406657 | EE7: 3.3406657 | EK7: 2024 | EL7: 0.27838881 | EM7: 0.27838881 | ER7: 2024 | ES7: 0.45786391 | ET7: 0.45786391 | EY7: 2024 | EZ7: 0.038155326 | FA7: 0.038155326 | FF7: 2024 | FG7: 0.014949459 | FH7: 0.014949459 | FN7: 2024 | FO7: 0.0012457882 | FP7: 0.0012457882 | FU7: 2024 | FV7: 1.0766284 | FW7: 1.0766284 | GB7: 2024 | GC7: 0.089719032 | GD7: 0.089719032 | GJ7: 2024 | GK7: 22993.13 | GL7: 22993.13 | GQ7: 2024 | GR7: 1916.0942 | GS7: 1916.0942 | GZ7: 2024 | HA7: 558 | HB7: 558 | HH7: 2024 | HI7: 46.5 | HJ7: 46.5 | HQ7: 2024 | HR7: 22.680694 | HS7: 22.680694 | IB7: 2024 | IC7: 1.8900578 | ID7: 1.8900578 | IL7: Total Sales | IM7: =GETPIVOTDATA("Sales",$AL$5) -> 142 | IN7: =TEXT(IM7,"##,###") -> 142
A8: 44712 | B8: 2022-05-24 18:12:47 | C8: სამგორი | D8: 1 | E8: Co-worker / Acquaintance | F8: Lead | G8: Yes | L8: 45351 | M8: ლისი | N8: 25 | O8: 52 | P8: 1801206 | Q8: 851432 | R8: 35793 | S8: 300 | T8: 1600 | U8: 1600 | V8: 0 | W8: 18187 | X8: 35 | Y8: 3 | Z8: 92 | AA8: 1 | AB8: 2.1155019 | AC8: 0.88829373 | AD8: 17.391304 | AE8: 0.087974927 | AF8: 533.33333 | AG8: 0.27173913 | AH8: 0.032608696 | AI8: 0.002570335 | AJ8: 0.057692308 | AL8: Jan | AM8: 6 | AN8: 6 | AS8: 2025 | AT8: 6.3333333 | AU8: 6.3333333 | BA8: Jan | BB8: 28 | BC8: 28 | BI8: 2025 | BJ8: 41.166667 | BK8: 41.166667 | BQ8: Jan | BR8: 2.0220085 | BS8: 2.0220085 | BY8: 2025 | BZ8: 2.7162749 | CA8: 2.7162749 | CG8: Jan | CH8: 0.69514988 | CI8: 0.69514988 | CO8: 2025 | CP8: 2.52137 | CQ8: 2.52137 | CX8: Jan | CY8: 40.97561 | CZ8: 40.97561 | DF8: 2025 | DG8: 23.074847 | DH8: 23.074847 | DN8: Jan | DO8: 280 | DP8: 280 | DU8: 2025 | DV8: 673.2507 | DW8: 673.2507 | EC8: Jan | ED8: 0.3902439 | EE8: 0.3902439 | EK8: 2025 | EL8: 0.18600385 | EM8: 0.18600385 | ER8: Jan | ES8: 0.14634146 | ET8: 0.14634146 | EY8: 2025 | EZ8: 0.051021769 | FA8: 0.051021769 | FF8: Jan | FG8: 0.0015169454 | FH8: 0.0015169454 | FN8: 2025 | FO8: 0.00074732294 | FP8: 0.00074732294 | FU8: Jan | FV8: 0.21428571 | FW8: 0.21428571 | GB8: 2025 | GC8: 0.15630685 | GD8: 0.15630685 | GJ8: Jan | GK8: 1680 | GL8: 1680 | GQ8: 2025 | GR8: 3132.2483 | GS8: 3132.2483 | GZ8: Jan | HA8: 38 | HB8: 38 | HH8: 2025 | HI8: 55.833333 | HJ8: 55.833333 | HQ8: Jan | HR8: 0.014977267 | HS8: 0.014977267 | IB8: 2025 | IC8: 2.244366 | ID8: 2.244366 | IL8: Total Leads
A9: 44712 | B9: 2022-05-25 12:58:32 | C9: ლისი | D9: 1 | E9: Existing customer | F9: Lead | G9: Yes | L9: 45351 | M9: უნივერსიტეტი | N9: 52 | O9: 104 | P9: 2745106 | Q9: 1351882 | R9: 77451 | S9: 300 | T9: 1700 | U9: 1700 | V9: 0 | W9: 14404 | X9: 23 | Y9: 6 | Z9: 201 | AA9: 1 | AB9: 2.0305811 | AC9: 0.61928392 | AD9: 8.4577114 | AE9: 0.11802277 | AF9: 283.33333 | AG9: 0.25870647 | AH9: 0.029850746 | AI9: 0.0025951892 | AJ9: 0.057692308 | AL9: Feb | AM9: 3 | AN9: 3 | AS9: 2026 | AT9: 4.75 | AU9: 4.75 | BA9: Feb | BB9: 52 | BC9: 52 | BI9: 2026 | BJ9: 34.75 | BK9: 34.75 | BQ9: Feb | BR9: 2.1155019 | BS9: 2.1155019 | BY9: 2026 | BZ9: 4.4668166 | CA9: 4.4668166 | CG9: Feb | CH9: 0.88829373 | CI9: 0.88829373 | CO9: 2026 | CP9: 0.81919123 | CQ9: 0.81919123 | CX9: Feb | CY9: 17.391304 | CZ9: 17.391304 | DF9: 2026 | DG9: 36.346213 | DH9: 36.346213 | DN9: Feb | DO9: 533.33333 | DP9: 533.33333 | DU9: 2026 | DV9: 1817.0081 | DW9: 1817.0081 | EC9: Feb | ED9: 0.27173913 | EE9: 0.27173913 | EK9: 2026 | EL9: 0.15721527 | EM9: 0.15721527 | ER9: Feb | ES9: 0.032608696 | ET9: 0.032608696 | EY9: 2026 | EZ9: 0.032570828 | FA9: 0.032570828 | FF9: Feb | FG9: 0.002570335 | FH9: 0.002570335 | FN9: 2026 | FO9: 0.00051938263 | FP9: 0.00051938263 | FU9: Feb | FV9: 0.057692308 | FW9: 0.057692308 | GB9: 2026 | GC9: 0.14070048 | GD9: 0.14070048 | GJ9: Feb | GK9: 1600 | GL9: 1600 | GQ9: 2026 | GR9: 6991.775 | GS9: 6991.775 | GZ9: Feb | HA9: 35 | HB9: 35 | HH9: 2026 | HI9: 69.75 | HJ9: 69.75 | HQ9: Feb | HR9: 0.087974927 | HS9: 0.087974927 | IB9: 2026 | IC9: 0.023748158 | ID9: 0.023748158
A10: 44712 | B10: 2022-05-25 11:02:13 | C10: სამგორი | D10: 1 | E10: Construction Site | F10: Lead | G10: Yes | L10: 45351 | M10: ყველა პროექტი | N10: 257 | O10: 445 | P10: 8173742 | Q10: 3849874 | R10: 113244 | S10: 600 | T10: 5800 | U10: 5800 | V10: 0 | W10: 69620 | X10: 213 | Y10: 21 | Z10: 293 | AA10: 1 | AB10: 2.1231194 | AC10: 0.70958932 | AD10: 19.795222 | AE10: 0.083309394 | AF10: 276.19048 | AG10: 0.87713311 | AH10: 0.071672355 | AI10: 0.0025873335 | AJ10: 0.047191011 | AL10: Mar | AM10: 1 | AN10: 1 | AS10: Grand Total | AT10: 5.0714286 | AU10: 5.0714286 | BA10: Mar | BB10: 37 | BC10: 37 | BI10: Grand Total | BJ10: 41.892857 | BK10: 41.892857 | BQ10: Mar | BR10: 2.1731758 | BS10: 2.1731758 | BY10: Grand Total | BZ10: 2.8476898 | CA10: 2.8476898 | CG10: Mar | CH10: 0.72654105 | CI10: 0.72654105 | CO10: Grand Total | CP10: 2.2967244 | CQ10: 2.2967244 | CX10: Mar | CY10: 134.41357 | CZ10: 134.41357 | DF10: Grand Total | DG10: 25.469041 | DH10: 25.469041 | DN10: Mar | DO10: 1881.79 | DP10: 1881.79 | DU10: Grand Total | DV10: 859.05054 | DW10: 859.05054 | EC10: Mar | ED10: 1.3571429 | EE10: 1.3571429 | EK10: Grand Total | EL10: 0.22148475 | EM10: 0.22148475 | ER10: Mar | ES10: 0.071428571 | ET10: 0.071428571 | EY10: Grand Total | EZ10: 0.04287173 | FA10: 0.04287173 | FF10: Mar | FG10: 0.0016368526 | FH10: 0.0016368526 | FN10: Grand Total | FO10: 0.00092838801 | FP10: 0.00092838801 | FU10: Mar | FV10: 0.027027027 | FW10: 0.027027027 | GB10: Grand Total | GC10: 0.12553973 | GD10: 0.12553973 | GJ10: Mar | GK10: 1881.79 | GL10: 1881.79 | GQ10: Grand Total | GR10: 3162.4004 | GS10: 3162.4004 | GZ10: Mar | HA10: 36 | HB10: 36 | HH10: Grand Total | HI10: 53.821429 | HJ10: 53.821429 | HQ10: Mar | HR10: 0.08435494 | HS10: 0.08435494 | IB10: Grand Total | IC10: 1.7752885 | ID10: 1.7752885
A11: 44712 | B11: 2022-05-25 11:55:00 | C11: სამგორი | D11: 1 | E11: Existing customer | F11: Lead | G11: Yes | L11: 45382 | M11: სამგორი | N11: 178 | O11: 230 | P11: 2867076 | Q11: 1247318 | R11: 42116 | S11: 246.95 | T11: 2396.95 | U11: 2396.95 | V11: 0 | W11: 26319 | X11: 141 | Y11: 17 | Z11: 118 | AA11: 1 | AB11: 2.2985927 | AC11: 0.83602597 | AD11: 20.313136 | AE11: 0.091072989 | AF11: 140.99706 | AG11: 1.5084746 | AH11: 0.1440678 | AI11: 0.0028017855 | AJ11: 0.073913043 | AL11: Apr | AM11: 4 | AN11: 4 | BA11: Apr | BB11: 62 | BC11: 62 | BQ11: Apr | BR11: 2.6590571 | BS11: 2.6590571 | CG11: Apr | CH11: 2.9731757 | CI11: 2.9731757 | CX11: Apr | CY11: 8.5281613 | CZ11: 8.5281613 | DN11: Apr | DO11: 660.9325 | DP11: 660.9325 | EC11: Apr | ED11: 0.12258065 | EE11: 0.12258065 | ER11: Apr | ES11: 0.012903226 | ET11: 0.012903226 | FF11: Apr | FG11: 0.001884911 | FH11: 0.001884911 | FU11: Apr | FV11: 0.064516129 | FW11: 0.064516129 | GJ11: Apr | GK11: 2643.73 | GL11: 2643.73 | GZ11: Apr | HA11: 62 | HB11: 62 | HQ11: Apr | HR11: 0.035360057 | HS11: 0.035360057
A12: 44712 | B12: 2022-05-25 12:43:39 | C12: სამგორი | D12: 1 | E12: Construction Site | F12: Lead | G12: Yes | L12: 45382 | M12: ლისი | N12: 19 | O12: 37 | P12: 2590067 | Q12: 1191835 | R12: 8553 | S12: 131.79 | T12: 1881.79 | U12: 1881.79 | V12: 0 | W12: 22308 | X12: 36 | Y12: 1 | Z12: 14 | AA12: 1 | AB12: 2.1731758 | AC12: 0.72654105 | AD12: 134.41357 | AE12: 0.08435494 | AF12: 1881.79 | AG12: 1.3571429 | AH12: 0.071428571 | AI12: 0.0016368526 | AJ12: 0.027027027 | AL12: May | AM12: 1 | AN12: 1 | BA12: May | BB12: 43 | BC12: 43 | BQ12: May | BR12: 2.7285118 | BS12: 2.7285118 | CG12: May | CH12: 2.81883 | CI12: 2.81883 | CX12: May | CY12: 9.5045578 | CZ12: 9.5045578 | DN12: May | DO12: 1397.17 | DP12: 1397.17 | EC12: May | ED12: 0.20408163 | EE12: 0.20408163 | ER12: May | ES12: 0.0068027211 | ET12: 0.0068027211 | FF12: May | FG12: 0.0010912411 | FH12: 0.0010912411 | FU12: May | FV12: 0.023255814 | FW12: 0.023255814 | GJ12: May | GK12: 1397.17 | GL12: 1397.17 | GZ12: May | HA12: 61 | HB12: 61 | HQ12: May | HR12: 0.44795447 | HS12: 0.44795447
A13: 44712 | B13: 2022-05-25 15:31:46 | C13: სამგორი | D13: 1 | E13: FB | F13: Lead | G13: Yes | L13: 45382 | M13: უნივერსიტეტი | N13: 65 | O13: 99 | P13: 1774290 | Q13: 793109 | R13: 76232 | S13: 858.17 | T13: 2808.17 | U13: 2808.17 | V13: 0 | W13: 140742 | X13: 21 | Y13: 2 | Z13: 205 | AA13: 1 | AB13: 2.2371326 | AC13: 1.5827007 | AD13: 13.69839 | AE13: 0.019952608 | AF13: 1404.085 | AG13: 0.31707317 | AH13: 0.0097560976 | AI13: 0.0026891594 | AJ13: 0.02020202 | AL13: Jun | AM13: 2 | AN13: 2 | BA13: Jun | BB13: 29 | BC13: 29 | BQ13: Jun | BR13: 2.900993 | BS13: 2.900993 | CG13: Jun | CH13: 2.8828313 | CI13: 2.8828313 | CX13: Jun | CY13: 11.418121 | CZ13: 11.418121 | DN13: Jun | DO13: 850.65 | DP13: 850.65 | EC13: Jun | ED13: 0.11409396 | EE13: 0.11409396 | ER13: Jun | ES13: 0.013422819 | ET13: 0.013422819 | FF13: Jun | FG13: 0.00084315601 | FH13: 0.00084315601 | FU13: Jun | FV13: 0.068965517 | FW13: 0.068965517 | GJ13: Jun | GK13: 1701.3 | GL13: 1701.3 | GZ13: Jun | HA13: 59 | HB13: 59 | HQ13: Jun | HR13: 2.4514409 | HS13: 2.4514409
A14: 44712 | B14: 2022-05-25 11:53:26 | C14: სამგორი | D14: 1 | E14: FB | F14: Lead | G14: Yes | L14: 45382 | M14: ყველა პროექტი | N14: 262 | O14: 366 | P14: 7231433 | Q14: 3232262 | R14: 126901 | S14: 1236.91 | T14: 7086.91 | U14: 7086.91 | V14: 0 | W14: 189369 | X14: 198 | Y14: 20 | Z14: 337 | AA14: 1 | AB14: 2.237267 | AC14: 0.98001461 | AD14: 21.029407 | AE14: 0.037423813 | AF14: 354.3455 | AG14: 0.77744807 | AH14: 0.059347181 | AI14: 0.0026556134 | AJ14: 0.054644809 | AL14: Jul | AM14: 10 | AN14: 10 | BA14: Jul | BB14: 48 | BC14: 48 | BQ14: Jul | BR14: 2.299214 | BS14: 2.299214 | CG14: Jul | CH14: 2.0368269 | CI14: 2.0368269 | CX14: Jul | CY14: 15.339 | CZ14: 15.339 | DN14: Jul | DO14: 245.424 | DP14: 245.424 | EC14: Jul | ED14: 0.175 | EE14: 0.175 | ER14: Jul | ES14: 0.0625 | ET14: 0.0625 | FF14: Jul | FG14: 0.00060855707 | FH14: 0.00060855707 | FU14: Jul | FV14: 0.20833333 | FW14: 0.20833333 | GJ14: Jul | GK14: 2454.24 | GL14: 2454.24 | GZ14: Jul | HA14: 49 | HB14: 49 | HQ14: Jul | HR14: 0.36342959 | HS14: 0.36342959
A15: 44712 | B15: 2022-05-25 12:13:53 | C15: სამგორი | D15: 1 | E15: FB | F15: Lead | G15: Yes | L15: 45412 | M15: სამგორი | N15: 189 | O15: 246 | P15: 933182 | Q15: 313046 | R15: 232093 | S15: 1950 | T15: 2081 | U15: 2081 | V15: 0 | W15: 1763 | X15: 122 | Y15: 19 | Z15: 755 | AA15: 1 | AB15: 2.980974 | AC15: 2.2300044 | AD15: 2.7562914 | AE15: 1.1803744 | AF15: 109.52632 | AG15: 0.25033113 | AH15: 0.025165563 | AI15: 0.0032530063 | AJ15: 0.077235772 | AL15: Aug | AM15: 5 | AN15: 5 | BA15: Aug | BB15: 47 | BC15: 47 | BQ15: Aug | BR15: 2.3241671 | BS15: 2.3241671 | CG15: Aug | CH15: 3.5616161 | CI15: 3.5616161 | CX15: Aug | CY15: 12.284485 | CZ15: 12.284485 | DN15: Aug | DO15: 334.138 | DP15: 334.138 | EC15: Aug | ED15: 0.13235294 | EE15: 0.13235294 | ER15: Aug | ES15: 0.036764706 | ET15: 0.036764706 | FF15: Aug | FG15: 0.00075934808 | FH15: 0.00075934808 | FU15: Aug | FV15: 0.10638298 | FW15: 0.10638298 | GJ15: Aug | GK15: 1670.69 | GL15: 1670.69 | GZ15: Aug | HA15: 44 | HB15: 44 | HQ15: Aug | HR15: 0.025006586 | HS15: 0.025006586
A16: 44712 | B16: 2022-05-25 12:15:15 | C16: სამგორი | D16: 1 | E16: FB | F16: Lead | G16: Yes | L16: 45412 | M16: ლისი | N16: 38 | O16: 62 | P16: 889194 | Q16: 334402 | R16: 164464 | S16: 2093.73 | T16: 2643.73 | U16: 2643.73 | V16: 0 | W16: 74766 | X16: 62 | Y16: 4 | Z16: 310 | AA16: 1 | AB16: 2.6590571 | AC16: 2.9731757 | AD16: 8.5281613 | AE16: 0.035360057 | AF16: 660.9325 | AG16: 0.12258065 | AH16: 0.012903226 | AI16: 0.001884911 | AJ16: 0.064516129 | AL16: Sep | AM16: 9 | AN16: 9 | BA16: Sep | BB16: 58 | BC16: 58 | BQ16: Sep | BR16: 2.215693 | BS16: 2.215693 | CG16: Sep | CH16: 4.0069498 | CI16: 4.0069498 | CX16: Sep | CY16: 9.8688745 | CZ16: 9.8688745 | DN16: Sep | DO16: 253.30111 | DP16: 253.30111 | EC16: Sep | ED16: 0.13852814 | EE16: 0.13852814 | ER16: Sep | ES16: 0.038961039 | ET16: 0.038961039 | FF16: Sep | FG16: 0.00097584055 | FH16: 0.00097584055 | FU16: Sep | FV16: 0.15517241 | FW16: 0.15517241 | GJ16: Sep | GK16: 2279.71 | GL16: 2279.71 | GZ16: Sep | HA16: 35 | HB16: 35 | HQ16: Sep | HR16: 0.036475944 | HS16: 0.036475944
A17: 44712 | B17: 2022-05-25 12:26:16 | C17: სამგორი | D17: 1 | E17: FB | F17: Lead | G17: Yes | L17: 45412 | M17: უნივერსიტეტი | N17: 66 | O17: 111 | P17: 1591956 | Q17: 719452 | R17: 537947 | S17: 2148.64 | T17: 2998.64 | U17: 2998.64 | V17: 0 | W17: 118661 | X17: 143 | Y17: 10 | Z17: 606 | AA17: 1 | AB17: 2.2127341 | AC17: 1.8836199 | AD17: 4.9482508 | AE17: 0.025270645 | AF17: 299.864 | AG17: 0.10891089 | AH17: 0.01650165 | AI17: 0.001126505 | AJ17: 0.09009009 | AL17: Oct | AM17: 0 | AN17: 0 | BA17: Oct | BB17: 56 | BC17: 56 | BQ17: Oct | BR17: 2.4641534 | BS17: 2.4641534 | CG17: Oct | CH17: 3.0808979 | CI17: 3.0808979 | CX17: Oct | CY17: 9.9327727 | CZ17: 9.9327727 | DN17: Oct | DO17: 0 | DP17: 0 | EC17: Oct | ED17: 0.11818182 | EE17: 0.11818182 | ER17: Oct | ES17: 0 | ET17: 0 | FF17: Oct | FG17: 0.00099242151 | FH17: 0.00099242151 | FU17: Oct | FV17: 0 | FW17: 0 | GJ17: Oct | GK17: 2185.21 | GL17: 2185.21 | GZ17: Oct | HA17: 35 | HB17: 35 | HQ17: Oct | HR17: 1.3963003 | HS17: 1.3963003
A18: 44712 | B18: 2022-05-25 12:51:12 | C18: სამგორი | D18: 1 | E18: FB | F18: Lead | G18: Yes | L18: 45412 | M18: ყველა პროექტი | N18: 293 | O18: 419 | P18: 3414332 | Q18: 1366900 | R18: 934504 | S18: 6192.37 | T18: 7723.37 | U18: 7723.37 | V18: 0 | W18: 195190 | X18: 327 | Y18: 33 | Z18: 1671 | AA18: 1 | AB18: 2.4978652 | AC18: 2.2620442 | AD18: 4.6220048 | AE18: 0.039568472 | AF18: 234.04152 | AG18: 0.17534411 | AH18: 0.019748654 | AI18: 0.0017881143 | AJ18: 0.07875895 | AL18: Nov | AM18: 4 | AN18: 4 | BA18: Nov | BB18: 54 | BC18: 54 | BQ18: Nov | BR18: 2.5888548 | BS18: 2.5888548 | CG18: Nov | CH18: 3.4945238 | CI18: 3.4945238 | CX18: Nov | CY18: 12.277427 | CZ18: 12.277427 | DN18: Nov | DO18: 524.86 | DP18: 524.86 | EC18: Nov | ED18: 0.23391813 | EE18: 0.23391813 | ER18: Nov | ES18: 0.023391813 | ET18: 0.023391813 | FF18: Nov | FG18: 0.00094388572 | FH18: 0.00094388572 | FU18: Nov | FV18: 0.074074074 | FW18: 0.074074074 | GJ18: Nov | GK18: 2099.44 | GL18: 2099.44 | GZ18: Nov | HA18: 53 | HB18: 53 | HQ18: Nov | HR18: 8.8211765 | HS18: 8.8211765
A19: 44712 | B19: 2022-05-25 12:56:21 | C19: სამგორი | D19: 1 | E19: Internet | F19: Lead | G19: Yes | L19: 45443 | M19: სამგორი | N19: 113 | O19: 175 | P19: 1000178 | Q19: 443620 | R19: 443620 | S19: 1750 | T19: 1750 | U19: 1750 | V19: 0 | W19: 561 | X19: 167 | Y19: 11 | Z19: 561 | AA19: 1 | AB19: 2.2545828 | AC19: 1.7496886 | AD19: 3.1194296 | AE19: 3.1194296 | AF19: 159.09091 | AG19: 0.20142602 | AH19: 0.019607843 | AI19: 0.0012645958 | AJ19: 0.062857143 | AL19: Dec | AM19: 2 | AN19: 2 | BA19: Dec | BB19: 26 | BC19: 26 | BQ19: Dec | BR19: 2.7814194 | BS19: 2.7814194 | CG19: Dec | CH19: 3.6094423 | CI19: 3.6094423 | CX19: Dec | CY19: 8.916242 | CZ19: 8.916242 | DN19: Dec | DO19: 699.925 | DP19: 699.925 | EC19: Dec | ED19: 0.082802548 | EE19: 0.082802548 | ER19: Dec | ES19: 0.012738854 | ET19: 0.012738854 | FF19: Dec | FG19: 0.0011259646 | FH19: 0.0011259646 | FU19: Dec | FV19: 0.076923077 | FW19: 0.076923077 | GJ19: Dec | GK19: 1399.85 | GL19: 1399.85 | GZ19: Dec | HA19: 51 | HB19: 51 | HQ19: Dec | HR19: 8.916242 | HS19: 8.916242
A20: 44712 | B20: 2022-05-25 14:48:25 | C20: სამგორი | D20: 1 | E20: Co-worker / Acquaintance | F20: Lead | G20: Yes | L20: 45443 | M20: ლისი | N20: 30 | O20: 43 | P20: 495656 | Q20: 181658 | R20: 134709 | S20: 1297.17 | T20: 1397.17 | U20: 1397.17 | V20: 0 | W20: 3119 | X20: 61 | Y20: 1 | Z20: 147 | AA20: 1 | AB20: 2.7285118 | AC20: 2.81883 | AD20: 9.5045578 | AE20: 0.44795447 | AF20: 1397.17 | AG20: 0.20408163 | AH20: 0.0068027211 | AI20: 0.0010912411 | AJ20: 0.023255814 | AL20: 2025 | AM20: 76 | AN20: 76 | BA20: 2025 | BB20: 494 | BC20: 494 | BQ20: 2025 | BR20: 32.595299 | BS20: 32.595299 | CG20: 2025 | CH20: 30.25644 | CI20: 30.25644 | CX20: 2025 | CY20: 276.89816 | CZ20: 276.89816 | DN20: 2025 | DO20: 7405.7577 | DP20: 7405.7577 | EC20: 2025 | ED20: 2.2320462 | EE20: 2.2320462 | ER20: 2025 | ES20: 0.61226122 | ET20: 0.61226122 | FF20: 2025 | FG20: 0.0089678752 | FH20: 0.0089678752 | FU20: 2025 | FV20: 1.8756822 | FW20: 1.8756822 | GJ20: 2025 | GK20: 37586.98 | GL20: 37586.98 | GZ20: 2025 | HA20: 670 | HB20: 670 | HQ20: 2025 | HR20: 26.932392 | HS20: 26.932392
A21: 44712 | B21: 2022-05-25 15:05:21 | C21: სამგორი | D21: 1 | E21: FB | F21: Lead | G21: Yes | L21: 45443 | M21: უნივერსიტეტი | N21: 52 | O21: 76 | P21: 1394324 | Q21: 669946 | R21: 601236 | S21: 1550 | T21: 1650 | U21: 1650 | V21: 0 | W21: 1990 | X21: 137 | Y21: 6 | Z21: 499 | AA21: 1 | AB21: 2.0812483 | AC21: 1.1833691 | AD21: 3.3066132 | AE21: 0.82914573 | AF21: 275 | AG21: 0.10420842 | AH21: 0.012024048 | AI21: 0.00082995696 | AJ21: 0.078947368 | AL21: Jan | AM21: 0 | AN21: 0 | BA21: Jan | BB21: 42 | BC21: 42 | BQ21: Jan | BR21: 2.374973 | BS21: 2.374973 | CG21: Jan | CH21: 2.0978963 | CI21: 2.0978963 | CX21: Jan | CY21: 8.9022156 | CZ21: 8.9022156 | DN21: Jan | DO21: 0 | DP21: 0 | EC21: Jan | ED21: 0.095808383 | EE21: 0.095808383 | ER21: Jan | ES21: 0 | ET21: 0 | FF21: Jan | FG21: 0.001225868 | FH21: 0.001225868 | FU21: Jan | FV21: 0 | FW21: 0 | GJ21: Jan | GK21: 2973.34 | GL21: 2973.34 | GZ21: Jan | HA21: 51 | HB21: 51 | HQ21: Jan | HR21: 0.13306512 | HS21: 0.13306512
A22: 44712 | B22: 2022-05-25 15:59:43 | C22: სამგორი | D22: 1 | E22: Existing customer | F22: Lead | G22: Yes | L22: 45443 | M22: ყველა პროექტი | N22: 195 | O22: 294 | P22: 2890158 | Q22: 1295224 | R22: 1179565 | S22: 4597.17 | T22: 4797.17 | U22: 4797.17 | V22: 0 | W22: 5670 | X22: 365 | Y22: 18 | Z22: 1207 | AA22: 1 | AB22: 2.2313963 | AC22: 1.6598297 | AD22: 3.9744573 | AE22: 0.84606173 | AF22: 266.50944 | AG22: 0.16155758 | AH22: 0.014913007 | AI22: 0.0010232586 | AJ22: 0.06122449 | AL22: Feb | AM22: 2 | AN22: 2 | BA22: Feb | BB22: 44 | BC22: 44 | BQ22: Feb | BR22: 2.2089861 | BS22: 2.2089861 | CG22: Feb | CH22: 3.346819 | CI22: 3.346819 | CX22: Feb | CY22: 9.668087 | CZ22: 9.668087 | DN22: Feb | DO22: 1111.83 | DP22: 1111.83 | EC22: Feb | ED22: 0.14347826 | EE22: 0.14347826 | ER22: Feb | ES22: 0.0086956522 | ET22: 0.0086956522 | FF22: Feb | FG22: 0.00076468867 | FH22: 0.00076468867 | FU22: Feb | FV22: 0.045454545 | FW22: 0.045454545 | GJ22: Feb | GK22: 2223.66 | GL22: 2223.66 | GZ22: Feb | HA22: 49 | HB22: 49 | HQ22: Feb | HR22: 9.668087 | HS22: 9.668087
... A38: 44712 | B38: 2022-05-27 17:39:51 | C38: სამგორი | D38: 1 | E38: Construction Site | F38: Lead | G38: Yes | L38: 45565 | M38: ყველა პროექტი | N38: 164 | O38: 262 | P38: 1294283 | Q38: 520284 | R38: 443592 | S38: 3781.82 | T38: 4631.73 | U38: 4631.73 | V38: 0 | W38: 212746 | X38: 286 | Y38: 39 | Z38: 764 | AA38: 1 | AB38: 2.4876471 | AC38: 3.5786068 | AD38: 6.0624738 | AE38: 0.021771173 | AF38: 118.76231 | AG38: 0.21465969 | AH38: 0.05104712 | AI38: 0.0017223034 | AJ38: 0.14885496 | AL38: Grand Total | AM38: 142 | AN38: 142 | BA38: Grand Total | BB38: 1173 | BC38: 1173 | BQ38: Grand Total | BR38: 79.735315 | BS38: 79.735315 | CG38: Grand Total | CH38: 64.308284 | CI38: 64.308284 | CX38: Grand Total | CY38: 713.13314 | CZ38: 713.13314 | DN38: Grand Total | DO38: 22335.314 | DP38: 22335.314 | EC38: Grand Total | ED38: 6.201573 | EE38: 6.201573 | ER38: Grand Total | ES38: 1.2004084 | ET38: 1.2004084 | FF38: Grand Total | FG38: 0.025994864 | FH38: 0.025994864 | FU38: Grand Total | FV38: 3.5151125 | FW38: 3.5151125 | GJ38: Grand Total | GK38: 88547.21 | GL38: 88547.21 | GZ38: Grand Total | HA38: 1507 | HB38: 1507 | HQ38: Grand Total | HR38: 49.708078 | HS38: 49.708078
A39: 44712 | B39: 2022-05-27 14:51:08 | C39: სამგორი | D39: 1 | E39: FB | F39: Lead | G39: Yes | L39: 45596 | M39: სამგორი | N39: 143 | O39: 182 | P39: 841836 | Q39: 327410 | R39: 251938 | S39: 1950 | T39: 2149.96 | U39: 2149.96 | V39: 0 | W39: 2145 | X39: 131 | Y39: 27 | Z39: 649 | AA39: 1 | AB39: 2.5711982 | AC39: 2.5538941 | AD39: 3.3127273 | AE39: 1.0023124 | AF39: 79.628148 | AG39: 0.22033898 | AH39: 0.041602465 | AI39: 0.0025760306 | AJ39: 0.14835165
A40: 44712 | B40: 2022-05-27 14:52:05 | C40: სამგორი | D40: 1 | E40: FB | F40: Lead | G40: Yes | L40: 45596 | M40: ლისი | N40: 26 | O40: 56 | P40: 709277 | Q40: 287838 | R40: 221680 | S40: 1985.23 | T40: 2185.21 | U40: 2185.21 | V40: 0 | W40: 1565 | X40: 35 | Y40: 0 | Z40: 220 | AA40: 1 | AB40: 2.4641534 | AC40: 3.0808979 | AD40: 9.9327727 | AE40: 1.3963003 | AG40: 0.11818182 | AH40: 0 | AI40: 0.00099242151 | AJ40: 0
A41: 44712 | B41: 2022-05-27 15:34:08 | C41: სამგორი | D41: 1 | E41: Existing customer | F41: Lead | G41: Yes | L41: 45596 | M41: უნივერსიტეტი | N41: 55 | O41: 94 | P41: 771934 | Q41: 315608 | R41: 274477 | S41: 1799.99 | T41: 2079.82 | U41: 2079.82 | V41: 0 | W41: 11503 | X41: 78 | Y41: 15 | Z41: 485 | AA41: 1 | AB41: 2.4458632 | AC41: 2.6942977 | AD41: 4.2882887 | AE41: 0.18080675 | AF41: 138.65467 | AG41: 0.11340206 | AH41: 0.030927835 | AI41: 0.0017669969 | AJ41: 0.15957447
A42: 44712 | B42: 2022-05-28 12:26:23 | C42: სამგორი | D42: 1 | E42: Construction Site | F42: Lead | G42: Yes | L42: 45596 | M42: ყველა პროექტი | N42: 224 | O42: 332 | P42: 2323047 | Q42: 930856 | R42: 748095 | S42: 5735.22 | T42: 6414.99 | U42: 6414.99 | V42: 0 | W42: 15213 | X42: 244 | Y42: 42 | Z42: 1354 | AA42: 1 | AB42: 2.495603 | AC42: 2.7614551 | AD42: 4.7378065 | AE42: 0.42167817 | AF42: 152.73786 | AG42: 0.16543575 | AH42: 0.031019202 | AI42: 0.0018099306 | AJ42: 0.12650602
A43: 44712 | B43: 2022-05-28 12:28:14 | C43: სამგორი | D43: 1 | E43: FB | F43: Lead | G43: Yes | L43: 45626 | M43: სამგორი | N43: 153 | O43: 185 | P43: 720837 | Q43: 247760 | R43: 225900 | S43: 1699.32 | T43: 1799.16 | U43: 1799.16 | V43: 0 | W43: 1337 | X43: 99 | Y43: 32 | Z43: 557 | AA43: 1 | AB43: 2.9094164 | AC43: 2.4959318 | AD43: 3.2300898 | AE43: 1.3456694 | AF43: 56.22375 | AG43: 0.27468582 | AH43: 0.057450628 | AI43: 0.0024656928 | AJ43: 0.17297297
A44: 44712 | B44: 2022-05-28 12:38:54 | C44: სამგორი | D44: 1 | E44: Construction Site | F44: Lead | G44: Yes | L44: 45626 | M44: ლისი | N44: 40 | O44: 54 | P44: 600780 | Q44: 232064 | R44: 181166 | S44: 1749.44 | T44: 2099.44 | U44: 2099.44 | V44: 0 | W44: 238 | X44: 53 | Y44: 4 | Z44: 171 | AA44: 1 | AB44: 2.5888548 | AC44: 3.4945238 | AD44: 12.277427 | AE44: 8.8211765 | AF44: 524.86 | AG44: 0.23391813 | AH44: 0.023391813 | AI44: 0.00094388572 | AJ44: 0.074074074
A45: 44712 | B45: 2022-05-28 12:43:42 | C45: სამგორი | D45: 1 | E45: Internet | F45: Lead | G45: Yes | L45: 45626 | M45: უნივერსიტეტი | N45: 58 | O45: 103 | P45: 797015 | Q45: 385574 | R45: 260041 | S45: 2215.43 | T45: 2685.34 | U45: 2685.34 | V45: 0 | W45: 50386 | X45: 75 | Y45: 3 | Z45: 427 | AA45: 1 | AB45: 2.067087 | AC45: 3.3692465 | AD45: 6.2888525 | AE45: 0.05329536 | AF45: 895.11333 | AG45: 0.13583138 | AH45: 0.0070257611 | AI45: 0.0016420488 | AJ45: 0.029126214
A46: 44712 | B46: 2022-05-28 14:42:06 | C46: უნივერსიტეტი | D46: 1 | E46: Other | F46: Lead | G46: Yes | L46: 45626 | M46: ყველა პროექტი | N46: 251 | O46: 342 | P46: 2118632 | Q46: 865398 | R46: 667107 | S46: 5664.19 | T46: 6583.94 | U46: 6583.94 | V46: 0 | W46: 51961 | X46: 227 | Y46: 39 | Z46: 1155 | AA46: 1 | AB46: 2.4481591 | AC46: 3.1076374 | AD46: 5.700381 | AE46: 0.12670926 | AF46: 168.81897 | AG46: 0.21731602 | AH46: 0.033766234 | AI46: 0.0017313564 | AJ46: 0.11403509
A47: 44712 | B47: 2022-05-28 14:52:59 | C47: სამგორი | D47: 1 | E47: Construction Site | F47: Lead | G47: Yes | L47: 45657 | M47: სამგორი | N47: 58 | O47: 81 | P47: 311936 | Q47: 97526 | R47: 97526 | S47: 898.87 | T47: 898.87 | U47: 898.87 | V47: 0 | W47: 316 | X47: 93 | Y47: 6 | Z47: 316 | AA47: 1 | AB47: 3.1984907 | AC47: 2.8815847 | AD47: 2.8445253 | AE47: 2.8445253 | AF47: 149.81167 | AG47: 0.1835443 | AH47: 0.018987342 | AI47: 0.0032401616 | AJ47: 0.074074074
A48: 44712 | B48: 2022-05-28 16:21:25 | C48: სამგორი | D48: 1 | E48: FB | F48: Lead | G48: Yes | L48: 45657 | M48: ლისი | N48: 13 | O48: 26 | P48: 387830 | Q48: 139436 | R48: 139436 | S48: 1399.85 | T48: 1399.85 | U48: 1399.85 | V48: 0 | W48: 157 | X48: 51 | Y48: 2 | Z48: 157 | AA48: 1 | AB48: 2.7814194 | AC48: 3.6094423 | AD48: 8.916242 | AE48: 8.916242 | AF48: 699.925 | AG48: 0.082802548 | AH48: 0.012738854 | AI48: 0.0011259646 | AJ48: 0.076923077
A49: 44712 | B49: 2022-05-30 11:15:19 | C49: სამგორი | D49: 1 | E49: FB | F49: Lead | G49: Yes | L49: 45657 | M49: უნივერსიტეტი | N49: 46 | O49: 72 | P49: 582852 | Q49: 257247 | R49: 257247 | S49: 1691.55 | T49: 1691.55 | U49: 1691.55 | V49: 0 | W49: 357 | X49: 170 | Y49: 13 | Z49: 357 | AA49: 1 | AB49: 2.265729 | AC49: 2.9021947 | AD49: 4.7382353 | AE49: 4.7382353 | AF49: 130.11923 | AG49: 0.12885154 | AH49: 0.036414566 | AI49: 0.0013877713 | AJ49: 0.18055556
A50: 44712 | B50: 2022-05-30 13:56:34 | C50: სამგორი | D50: 1 | E50: Construction Site | F50: Lead | G50: Yes | L50: 45657 | M50: ყველა პროექტი | N50: 117 | O50: 179 | P50: 1282618 | Q50: 494209 | R50: 494209 | S50: 3990.27 | T50: 3990.27 | U50: 3990.27 | V50: 0 | W50: 830 | X50: 314 | Y50: 21 | Z50: 830 | AA50: 1 | AB50: 2.5952947 | AC50: 3.1110354 | AD50: 4.8075542 | AE50: 4.8075542 | AF50: 190.01286 | AG50: 0.14096386 | AH50: 0.025301205 | AI50: 0.0016794514 | AJ50: 0.11731844
A51: 44712 | B51: 2022-05-30 14:39:59 | C51: სამგორი | D51: 1 | E51: FB | F51: Lead | G51: Yes | L51: 45688 | M51: სამგორი | N51: 145 | O51: 169 | P51: 1286305 | Q51: 469702 | R51: 386232 | S51: 2246.34 | T51: 2346.34 | U51: 2346.34 | V51: 0 | W51: 5353 | X51: 84 | Y51: 9 | Z51: 1406 | AA51: 1 | AB51: 2.7385555 | AC51: 1.824093 | AD51: 1.6688051 | AE51: 0.43832244 | AF51: 260.70444 | AG51: 0.10312945 | AH51: 0.006401138 | AI51: 0.0036402991 | AJ51: 0.053254438
A52: 44712 | B52: 2022-05-30 17:26:16 | C52: სამგორი | D52: 1 | E52: Construction Site | F52: Lead | G52: Yes | L52: 45688 | M52: ლისი | N52: 32 | O52: 42 | P52: 1417296 | Q52: 596763 | R52: 272460 | S52: 2473.37 | T52: 2973.34 | U52: 2973.34 | V52: 0 | W52: 22345 | X52: 51 | Y52: 0 | Z52: 334 | AA52: 1 | AB52: 2.374973 | AC52: 2.0978963 | AD52: 8.9022156 | AE52: 0.13306512 | AG52: 0.095808383 | AH52: 0 | AI52: 0.001225868 | AJ52: 0
A53: 44712 | B53: 2022-05-30 10:53:38 | C53: სამგორი | D53: 1 | E53: FB | F53: Lead | G53: Yes | L53: 45688 | M53: უნივერსიტეტი | N53: 58 | O53: 81 | P53: 2713832 | Q53: 880893 | R53: 308712 | S53: 2597.3 | T53: 3547.17 | U53: 3547.17 | V53: 0 | W53: 21630 | X53: 161 | Y53: 9 | Z53: 772 | AA53: 1 | AB53: 3.0807737 | AC53: 1.3070706 | AD53: 4.5947798 | AE53: 0.16399307 | AF53: 394.13 | AG53: 0.075129534 | AH53: 0.011658031 | AI53: 0.0025007126 | AJ53: 0.11111111
A54: 44712 | B54: 2022-05-30 11:22:37 | C54: სამგორი | D54: 1 | E54: Construction Site | F54: Lead | G54: Yes | L54: 45688 | M54: ყველა პროექტი | N54: 235 | O54: 292 | P54: 5417433 | Q54: 1947358 | R54: 967404 | S54: 7317.01 | T54: 8866.85 | U54: 8866.85 | V54: 0 | W54: 49328 | X54: 296 | Y54: 18 | Z54: 2512 | AA54: 1 | AB54: 2.7819399 | AC54: 1.6367254 | AD54: 3.529797 | AE54: 0.17975288 | AF54: 492.60278 | AG54: 0.093550955 | AH54: 0.0071656051 | AI54: 0.0025966401 | AJ54: 0.061643836
A55: 44712 | B55: 2022-05-30 11:32:07 | C55: სამგორი | D55: 1 | E55: FB | F55: Lead | G55: Yes | L55: 45716 | M55: სამგორი | N55: 109 | O55: 130 | P55: 568764 | Q55: 178165 | R55: 178165 | S55: 1248.89 | T55: 1248.89 | U55: 1248.89 | V55: 0 | W55: 453 | X55: 87 | Y55: 17 | Z55: 453 | AA55: 1 | AB55: 3.1923442 | AC55: 2.1957965 | AD55: 2.7569316 | AE55: 2.7569316 | AF55: 73.464118 | AG55: 0.2406181 | AH55: 0.037527594 | AI55: 0.0025425869 | AJ55: 0.13076923
A56: 44712 | B56: 2022-05-30 12:31:12 | C56: სამგორი | D56: 1 | E56: Construction Site | F56: Lead | G56: Yes | L56: 45716 | M56: ლისი | N56: 33 | O56: 44 | P56: 664410 | Q56: 300776 | R56: 300776 | S56: 2223.66 | T56: 2223.66 | U56: 2223.66 | V56: 0 | W56: 230 | X56: 49 | Y56: 2 | Z56: 230 | AA56: 1 | AB56: 2.2089861 | AC56: 3.346819 | AD56: 9.668087 | AE56: 9.668087 | AF56: 1111.83 | AG56: 0.14347826 | AH56: 0.0086956522 | AI56: 0.00076468867 | AJ56: 0.045454545
A57: 44712 | B57: 2022-05-30 13:08:22 | C57: სამგორი | D57: 1 | E57: Construction Site | F57: Lead | G57: Yes | L57: 45716 | M57: უნივერსიტეტი | N57: 50 | O57: 66 | P57: 1185547 | Q57: 485032 | R57: 254540 | S57: 1645.23 | T57: 1945.23 | U57: 1945.23 | V57: 0 | W57: 6525 | X57: 145 | Y57: 16 | Z57: 457 | AA57: 1 | AB57: 2.4442655 | AC57: 1.6407869 | AD57: 4.2565208 | AE57: 0.29811954 | AF57: 121.57688 | AG57: 0.10940919 | AH57: 0.035010941 | AI57: 0.0017953956 | AJ57: 0.24242424
A58: 44712 | B58: 2022-05-30 18:56:05 | C58: სამგორი | D58: 1 | E58: Construction Site | F58: Lead | G58: Yes | L58: 45716 | M58: ყველა პროექტი | N58: 192 | O58: 240 | P58: 2418721 | Q58: 963973 | R58: 733481 | S58: 5117.78 | T58: 5417.78 | U58: 5417.78 | V58: 0 | W58: 7208 | X58: 281 | Y58: 35 | Z58: 1140 | AA58: 1 | AB58: 2.509117 | AC58: 2.2399359 | AD58: 4.7524386 | AE58: 0.7516343 | AF58: 154.79371 | AG58: 0.16842105 | AH58: 0.030701754 | AI58: 0.0015542325 | AJ58: 0.14583333
A59: 44712 | B59: 2022-05-31 10:29:52 | C59: სამგორი | D59: 1 | E59: Internet | F59: Lead | G59: Yes | L59: 45747 | M59: სამგორი | N59: 92 | O59: 119 | P59: 709333 | Q59: 203538 | R59: 192799 | S59: 1786.59 | T59: 1856.59 | U59: 1856.59 | V59: 0 | W59: 917 | X59: 74 | Y59: 13 | Z59: 581 | AA59: 1 | AB59: 3.4850151 | AC59: 2.6173744 | AD59: 3.1955077 | AE59: 2.0246347 | AF59: 142.81462 | AG59: 0.15834768 | AH59: 0.022375215 | AI59: 0.0030135011 | AJ59: 0.1092437
A60: 44712 | B60: 2022-05-31 13:48:17 | C60: სამგორი | D60: 1 | E60: FB | F60: Lead | G60: Yes | L60: 45747 | M60: ლისი | N60: 21 | O60: 41 | P60: 456620 | Q60: 161275 | R60: 150953 | S60: 1500 | T60: 1570 | U60: 1570 | V60: 0 | W60: 485 | X60: 41 | Y60: 8 | Z60: 179 | AA60: 1 | AB60: 2.831313 | AC60: 3.4383076 | AD60: 8.7709497 | AE60: 3.2371134 | AF60: 196.25 | AG60: 0.11731844 | AH60: 0.044692737 | AI60: 0.0011857996 | AJ60: 0.19512195
A61: 44712 | B61: 2022-05-31 13:56:06 | C61: სამგორი | D61: 1 | E61: FB | F61: Lead | G61: Yes | L61: 45747 | M61: უნივერსიტეტი | N61: 50 | O61: 78 | P61: 612701 | Q61: 245990 | R61: 239777 | S61: 2098.33 | T61: 2168.33 | U61: 2195.4362 | V61: 27.10624 | W61: 704 | X61: 140 | Y61: 5 | Z61: 432 | AA61: 1 | AB61: 2.4907557 | AC61: 3.5389693 | AD61: 5.0192824 | AE61: 3.0800142 | AF61: 439.08725 | AG61: 0.11574074 | AH61: 0.011574074 | AI61: 0.0018016741 | AJ61: 0.064102564
A62: 44712 | B62: 2022-05-31 17:51:35 | C62: სამგორი | D62: 1 | E62: FB | F62: Lead | G62: Yes | L62: 45747 | M62: ყველა პროექტი | N62: 163 | O62: 238 | P62: 1778654 | Q62: 610803 | R62: 583529 | S62: 5384.92 | T62: 5594.92 | U62: 5622.0262 | V62: 27.10624 | W62: 2106 | X62: 255 | Y62: 26 | Z62: 1192 | AA62: 1 | AB62: 2.9119929 | AC62: 3.1455921 | AD62: 4.6937248 | AE62: 2.6566572 | AF62: 216.23178 | AG62: 0.13674497 | AH62: 0.021812081 | AI62: 0.0020427434 | AJ62: 0.1092437
A63: 44742 | B63: 2022-06-01 12:32:45 | C63: ლისი | D63: 1 | E63: Other | F63: Lead | G63: Yes | L63: 45777 | M63: სამგორი | N63: 62 | O63: 93 | P63: 781183 | Q63: 254706 | R63: 254706 | S63: 2065.72 | T63: 2065.72 | U63: 2065.72 | V63: 0 | W63: 654 | X63: 61 | Y63: 13 | Z63: 654 | AA63: 1 | AB63: 3.0669988 | AC63: 2.6443484 | AD63: 3.1585933 | AE63: 3.1585933 | AF63: 158.90154 | AG63: 0.094801223 | AH63: 0.019877676 | AI63: 0.0025676663 | AJ63: 0.13978495
A64: 44742 | B64: 2022-06-01 15:19:30 | C64: სამგორი | D64: 1 | E64: Construction Site | F64: Lead | G64: Yes | L64: 45777 | M64: ლისი | N64: 19 | O64: 33 | P64: 631873 | Q64: 265488 | R64: 265488 | S64: 2138.1 | T64: 2138.1 | U64: 2138.1 | V64: 0 | W64: 254 | X64: 40 | Y64: 1 | Z64: 254 | AA64: 1 | AB64: 2.3800435 | AC64: 3.3837496 | AD64: 8.4177165 | AE64: 8.4177165 | AF64: 2138.1 | AG64: 0.07480315 | AH64: 0.0039370079 | AI64: 0.00095672874 | AJ64: 0.03030303
... A110: 44742 | B110: 2022-06-08 13:21:47 | C110: სამგორი | D110: 1 | E110: FB | F110: Lead | G110: Yes | L110: 46112 | M110: ყველა პროექტი | N110: 189 | O110: 258 | P110: 9109018 | Q110: 2295430 | R110: 1210950 | S110: 8120.86 | T110: 13742.61 | U110: 16368.644 | V110: 2626.0338 | W110: 645354 | X110: 214 | Y110: 35 | Z110: 856 | AA110: 1 | AB110: 3.9683275 | AC110: 1.5086818 | AD110: 16.054451 | AE110: 0.021294685 | AF110: 467.67554 | AG110: 0.22079439 | AH110: 0.04088785 | AI110: 0.00070688303 | AJ110: 0.13565891
A111: 44742 | B111: 2022-06-08 14:11:41 | C111: სამგორი | D111: 1 | E111: Construction Site | F111: Lead | G111: Yes | L111: 46142 | M111: სამგორი | N111: 33 | O111: 37 | P111: 44688 | Q111: 13488 | R111: 13488 | S111: 139.69 | T111: 139.69 | U111: 170.72743 | V111: 31.037428 | W111: 45 | X111: 4 | Y111: 0 | Z111: 45 | AA111: 1 | AB111: 3.3131673 | AC111: 3.1258951 | AD111: 3.1042222 | AE111: 3.1042222 | AG111: 0.73333333 | AH111: 0 | AI111: 0.0033362989 | AJ111: 0
A112: 44742 | B112: 2022-06-08 11:04:04 | C112: უნივერსიტეტი | D112: 1 | E112: FB | F112: Lead | G112: Yes | L112: 46142 | M112: ლისი | N112: 13 | O112: 23 | P112: 7965408 | Q112: 1664984 | R112: 143883 | S112: 873.31 | T112: 5342.84 | U112: 6867.4 | V112: 1524.56 | W112: 161447 | X112: 75 | Y112: 4 | Z112: 134 | AA112: 1 | AB112: 4.7840748 | AC112: 0.67075535 | AD112: 39.87194 | AE112: 0.033093461 | AF112: 1716.85 | AG112: 0.097014925 | AH112: 0.029850746 | AI112: 0.00093131225 | AJ112: 0.17391304
A113: 44742 | B113: 2022-06-08 11:25:26 | C113: უნივერსიტეტი | D113: 1 | E113: FB | F113: Lead | G113: Yes | L113: 46142 | M113: უნივერსიტეტი | N113: 81 | O113: 123 | P113: 3266986 | Q113: 1272485 | R113: 574196 | S113: 3477.62 | T113: 5242.9 | U113: 6704.2 | V113: 1461.3 | W113: 137428 | X113: 146 | Y113: 33 | Z113: 305 | AA113: 1 | AB113: 2.5674063 | AC113: 1.6048125 | AD113: 17.189836 | AE113: 0.038150159 | AF113: 203.15758 | AG113: 0.26557377 | AH113: 0.10819672 | AI113: 0.00053117751 | AJ113: 0.26829268
A114: 44742 | B114: 2022-06-08 11:57:22 | C114: უნივერსიტეტი | D114: 1 | E114: FB | F114: Lead | G114: Yes | L114: 46142 | M114: ყველა პროექტი | N114: 127 | O114: 183 | P114: 11277082 | Q114: 2950957 | R114: 731567 | S114: 4490.62 | T114: 10725.43 | U114: 13742.327 | V114: 3016.8974 | W114: 298920 | X114: 225 | Y114: 37 | Z114: 484 | AA114: 1 | AB114: 3.8214999 | AC114: 0.95108203 | AD114: 22.159979 | AE114: 0.035880604 | AF114: 371.41425 | AG114: 0.26239669 | AH114: 0.076446281 | AI114: 0.00066159354 | AJ114: 0.20218579
A115: 44742 | B115: 2022-06-08 13:25:40 | C115: ლისი | D115: 1 | E115: FB | F115: Lead | G115: Yes
A116: 44742 | B116: 2022-06-08 13:30:46 | C116: უნივერსიტეტი | D116: 1 | E116: FB | F116: Lead | G116: Yes
A117: 44742 | B117: 2022-06-08 14:18:09 | C117: უნივერსიტეტი | D117: 1 | E117: SMS | F117: Lead | G117: Yes
A118: 44742 | B118: 2022-06-08 15:43:52 | C118: უნივერსიტეტი | D118: 1 | E118: Co-worker / Acquaintance | F118: Lead | G118: Yes
A119: 44742 | B119: 2022-06-08 16:02:55 | C119: უნივერსიტეტი | D119: 1 | E119: Other | F119: Lead | G119: Yes
A120: 44742 | B120: 2022-06-08 17:04:06 | C120: უნივერსიტეტი | D120: 1 | E120: FB | F120: Lead | G120: Yes
A121: 44742 | B121: 2022-06-08 17:14:46 | C121: უნივერსიტეტი | D121: 1 | E121: Co-worker / Acquaintance | F121: Lead | G121: Yes
A122: 44742 | B122: 2022-06-08 17:19:33 | C122: უნივერსიტეტი | D122: 1 | E122: SMS | F122: Lead | G122: Yes
A123: 44742 | B123: 2022-06-08 17:32:16 | C123: უნივერსიტეტი | D123: 1 | E123: SMS | F123: Lead | G123: Yes
A124: 44742 | B124: 2022-06-08 17:35:50 | C124: უნივერსიტეტი | D124: 1 | E124: FB | F124: Lead | G124: Yes
A125: 44742 | B125: 2022-06-08 17:41:04 | C125: უნივერსიტეტი | D125: 1 | E125: SMS | F125: Lead | G125: Yes
A126: 44742 | B126: 2022-06-08 17:45:02 | C126: უნივერსიტეტი | D126: 1 | E126: SMS | F126: Lead | G126: Yes
... A170: 44742 | B170: 2022-06-14 10:24:39 | C170: სამგორი | D170: 1 | E170: Construction Site | F170: Lead | G170: Yes
A171: 44742 | B171: 2022-06-14 10:39:05 | D171: 1 | E171: Construction Site | F171: Lead | G171: No
A172: 44742 | B172: 2022-06-14 10:46:03 | C172: სამგორი | D172: 1 | E172: Construction Site | F172: Lead | G172: Yes
A173: 44742 | B173: 2022-06-14 12:49:08 | C173: უნივერსიტეტი | D173: 1 | E173: Co-worker / Acquaintance | F173: Lead | G173: Yes
A174: 44742 | B174: 2022-06-14 13:01:43 | C174: სამგორი | D174: 1 | E174: FB | F174: Lead | G174: Yes
A175: 44742 | B175: 2022-06-14 10:51:42 | C175: უნივერსიტეტი | D175: 1 | E175: Co-worker / Acquaintance | F175: Lead | G175: Yes
A176: 44742 | B176: 2022-06-14 11:06:45 | C176: უნივერსიტეტი | D176: 1 | E176: FB | F176: Lead | G176: Yes
A177: 44742 | B177: 2022-06-14 12:25:50 | C177: უნივერსიტეტი | D177: 1 | E177: Co-worker / Acquaintance | F177: Lead | G177: Yes
A178: 44742 | B178: 2022-06-14 12:43:07 | C178: უნივერსიტეტი | D178: 1 | E178: Construction Site | F178: Lead | G178: Yes
A179: 44742 | B179: 2022-06-14 13:38:43 | C179: უნივერსიტეტი | D179: 1 | E179: Co-worker / Acquaintance | F179: Lead | G179: Yes
A180: 44742 | B180: 2022-06-14 15:22:28 | C180: სამგორი | D180: 1 | E180: Co-worker / Acquaintance | F180: Lead | G180: Yes
A181: 44742 | B181: 2022-06-14 15:38:26 | C181: სამგორი | D181: 1 | E181: Construction Site | F181: Lead | G181: Yes
A182: 44742 | B182: 2022-06-14 15:46:03 | C182: სამგორი | D182: 1 | E182: Construction Site | F182: Lead | G182: Yes
A183: 44742 | B183: 2022-06-14 15:50:46 | C183: სამგორი | D183: 1 | E183: Construction Site | F183: Lead | G183: Yes
... A237: 44742 | B237: 2022-06-17 11:17:50 | C237: სამგორი | D237: 1 | E237: FB | F237: Lead | G237: Yes
A238: 44742 | B238: 2022-06-17 12:29:14 | D238: 1 | E238: FB | F238: Lead | G238: No
A239: 44742 | B239: 2022-06-17 13:52:38 | C239: სამგორი | D239: 1 | E239: FB | F239: Lead | G239: Yes
A240: 44742 | B240: 2022-06-17 14:37:15 | C240: სამგორი | D240: 1 | E240: Construction Site | F240: Lead | G240: Yes
A241: 44742 | B241: 2022-06-17 16:02:17 | C241: სამგორი | D241: 1 | E241: Construction Site | F241: Lead | G241: Yes
A242: 44742 | B242: 2022-06-17 16:07:23 | C242: სამგორი | D242: 1 | E242: Construction Site | F242: Lead | G242: Yes
A243: 44742 | B243: 2022-06-17 18:47:47 | C243: უნივერსიტეტი | D243: 1 | E243: Other | F243: Lead | G243: Yes
A244: 44742 | B244: 2022-06-17 18:48:53 | C244: უნივერსიტეტი | D244: 1 | E244: FB | F244: Lead | G244: Yes
A245: 44742 | B245: 2022-06-18 11:25:06 | C245: უნივერსიტეტი | D245: 1 | E245: FB | F245: Lead | G245: Yes
A246: 44742 | B246: 2022-06-18 11:27:04 | C246: ლისი | D246: 1 | E246: FB | F246: Lead | G246: Yes
A247: 44742 | B247: 2022-06-18 11:40:54 | C247: უნივერსიტეტი | D247: 1 | E247: Existing customer | F247: Lead | G247: Yes
A248: 44742 | B248: 2022-06-18 11:49:45 | C248: უნივერსიტეტი | D248: 1 | E248: FB | F248: Lead | G248: Yes
A249: 44742 | B249: 2022-06-18 13:06:34 | C249: უნივერსიტეტი | D249: 1 | E249: FB | F249: Lead | G249: Yes
A250: 44742 | B250: 2022-06-18 11:31:15 | C250: სამგორი | D250: 1 | E250: Construction Site | F250: Lead | G250: Yes
... A315: 44742 | B315: 2022-06-23 14:30:50 | C315: სამგორი | D315: 1 | E315: Existing customer | F315: Lead | G315: Yes
A316: 44742 | B316: 2022-06-23 15:20:23 | D316: 1 | E316: FB | F316: Lead | G316: No
A317: 44742 | B317: 2022-06-23 15:57:28 | C317: უნივერსიტეტი | D317: 1 | E317: Co-worker / Acquaintance | F317: Lead | G317: Yes
A318: 44742 | B318: 2022-06-23 15:08:40 | C318: სამგორი | D318: 1 | E318: Construction Site | F318: Lead | G318: Yes
A319: 44742 | B319: 2022-06-23 15:31:25 | C319: სამგორი | D319: 1 | E319: Co-worker / Acquaintance | F319: Lead | G319: Yes
A320: 44742 | B320: 2022-06-23 16:13:19 | C320: სამგორი | D320: 1 | E320: FB | F320: Lead | G320: Yes
...

Sheet Marketing Charts
B3: Sales | H3: Costs
B5: ='Marketing Data'!IM7 -> 142 | H5: ='Marketing Data'!IN6 -> $ 88,547.21

Sheet Charts
A1: თარიღი | B1: 46142
B3: ჯამი | C3: =EOMONTH(B1,-12) -> 45777 | D3: =EOMONTH(C3,1) -> 45808 | E3: =EOMONTH(D3,1) -> 45838 | F3: =EOMONTH(E3,1) -> 45869 | G3: =EOMONTH(F3,1) -> 45900 | H3: =EOMONTH(G3,1) -> 45930 | I3: =EOMONTH(H3,1) -> 45961 | J3: =EOMONTH(I3,1) -> 45991 | K3: =EOMONTH(J3,1) -> 46022 | ... O3: =EOMONTH(N3,1) -> 46142 | Q3: მიმდინარე წლის ჯამური მაჩვენებლები | W3: =COUNTIFS(LIST!$F:$F,Charts!$B$4,LIST!$B:$B,Charts!D$3,LIST!$A:$A,Charts!$B$8) -> 0
B4: საცხოვრებელი | R4: რა-ბა | S4: ღირებულება
B5: გაყიდვები | C5: =INDEX(REPORT!$3:$3,MATCH(Charts!C$3,REPORT!$1:$1)) -> 25 | D5: =INDEX(REPORT!$3:$3,MATCH(Charts!D$3,REPORT!$1:$1)) -> 40 | E5: =INDEX(REPORT!$3:$3,MATCH(Charts!E$3,REPORT!$1:$1)) -> 19 | F5: =INDEX(REPORT!$3:$3,MATCH(Charts!F$3,REPORT!$1:$1)) -> 23 | G5: =INDEX(REPORT!$3:$3,MATCH(Charts!G$3,REPORT!$1:$1)) -> 19 | H5: =INDEX(REPORT!$3:$3,MATCH(Charts!H$3,REPORT!$1:$1)) -> 27 | I5: =INDEX(REPORT!$3:$3,MATCH(Charts!I$3,REPORT!$1:$1)) -> 32 | J5: =INDEX(REPORT!$3:$3,MATCH(Charts!J$3,REPORT!$1:$1)) -> 23 | ... O5: =INDEX(REPORT!$3:$3,MATCH(Charts!O$3,REPORT!$1:$1)) -> 37 | Q5: საცხოვრებელი | R5: =REPORT!J3 -> 133 | S5: =REPORT!J15 -> 14060701
B6: სტოკი | C6: =INDEX(REPORT!$27:$27,MATCH(EOMONTH(Charts!$C$3,-1),REPORT!$1:$1,0)) -> 255 | D6: =C6-C5+COUNTIFS(LIST!$F:$F,Charts!$B$4,LIST!$B:$B,Charts!C$3) -> 230 | E6: =D6-D5+COUNTIFS(LIST!$F:$F,Charts!$B$4,LIST!$B:$B,Charts!D$3) -> 316 | F6: =E6-E5+COUNTIFS(LIST!$F:$F,Charts!$B$4,LIST!$B:$B,Charts!E$3) -> 297 | G6: =F6-F5+COUNTIFS(LIST!$F:$F,Charts!$B$4,LIST!$B:$B,Charts!F$3) -> 296 | H6: =G6-G5+COUNTIFS(LIST!$F:$F,Charts!$B$4,LIST!$B:$B,Charts!G$3) -> 321 | I6: =H6-H5+COUNTIFS(LIST!$F:$F,Charts!$B$4,LIST!$B:$B,Charts!H$3) -> 294 | J6: =I6-I5+COUNTIFS(LIST!$F:$F,Charts!$B$4,LIST!$B:$B,Charts!I$3) -> 262 | K6: =J6-J5+COUNTIFS(LIST!$F:$F,Charts!$B$4,LIST!$B:$B,Charts!J$3) -> 239 | ... O6: =N6-N5+COUNTIFS(LIST!$F:$F,Charts!$B$4,LIST!$B:$B,Charts!N$3) -> 214 | Q6: კომერციული | R6: =REPORT!J4 -> 6 | S6: =REPORT!J16 -> 844915
B7: % | C7: =C5/C6 -> 0.098039216 | D7: =D5/D6 -> 0.17391304 | E7: =E5/E6 -> 0.060126582 | F7: =F5/F6 -> 0.077441077 | G7: =G5/G6 -> 0.064189189 | H7: =H5/H6 -> 0.08411215 | I7: =I5/I6 -> 0.10884354 | J7: =J5/J6 -> 0.08778626 | ... O7: =O5/O6 -> 0.1728972 | Q7: პარკინგი | R7: =REPORT!J5+REPORT!J6 -> 21 | S7: =REPORT!J17+REPORT!J18 -> 180000
B8: სამგორი | Q8: სარდაფი | R8: =REPORT!J7 -> 4 | S8: =REPORT!J19 -> 21895
B9: საცხოვრებელი | Q9: ჯამი | R9: =SUM(R5:R8) -> 164 | S9: =SUM(S5:S8) -> 15107511
B10: გაყიდვები | C10: =INDEX(REPORT!$45:$45,MATCH(Charts!C$3,REPORT!$1:$1,0)) -> 13 | D10: =INDEX(REPORT!$45:$45,MATCH(Charts!D$3,REPORT!$1:$1,0)) -> 9 | E10: =INDEX(REPORT!$45:$45,MATCH(Charts!E$3,REPORT!$1:$1,0)) -> 4 | F10: =INDEX(REPORT!$45:$45,MATCH(Charts!F$3,REPORT!$1:$1,0)) -> 6 | G10: =INDEX(REPORT!$45:$45,MATCH(Charts!G$3,REPORT!$1:$1,0)) -> 7 | H10: =INDEX(REPORT!$45:$45,MATCH(Charts!H$3,REPORT!$1:$1,0)) -> 4 | I10: =INDEX(REPORT!$45:$45,MATCH(Charts!I$3,REPORT!$1:$1,0)) -> 9 | J10: =INDEX(REPORT!$45:$45,MATCH(Charts!J$3,REPORT!$1:$1,0)) -> 2 | ... O10: =INDEX(REPORT!$45:$45,MATCH(Charts!O$3,REPORT!$1:$1,0)) -> 0
B11: სტოკი | C11: =INDEX(REPORT!165:165,MATCH(EOMONTH(Charts!C3,-1),REPORT!1:1,0)) -> 74 | D11: =C11-C10+COUNTIFS(LIST!$F:$F,Charts!$B$4,LIST!$B:$B,Charts!C$3,LIST!$A:$A,Charts!$B$8) -> 61 | E11: =D11-D10+COUNTIFS(LIST!$F:$F,Charts!$B$4,LIST!$B:$B,Charts!D$3,LIST!$A:$A,Charts!$B$8) -> 52 | F11: =E11-E10+COUNTIFS(LIST!$F:$F,Charts!$B$4,LIST!$B:$B,Charts!E$3,LIST!$A:$A,Charts!$B$8) -> 48 | G11: =F11-F10+COUNTIFS(LIST!$F:$F,Charts!$B$4,LIST!$B:$B,Charts!F$3,LIST!$A:$A,Charts!$B$8) -> 42 | H11: =G11-G10+COUNTIFS(LIST!$F:$F,Charts!$B$4,LIST!$B:$B,Charts!G$3,LIST!$A:$A,Charts!$B$8) -> 35 | I11: =H11-H10+COUNTIFS(LIST!$F:$F,Charts!$B$4,LIST!$B:$B,Charts!H$3,LIST!$A:$A,Charts!$B$8) -> 31 | J11: =I11-I10+COUNTIFS(LIST!$F:$F,Charts!$B$4,LIST!$B:$B,Charts!I$3,LIST!$A:$A,Charts!$B$8) -> 22 | K11: =J11-J10+COUNTIFS(LIST!$F:$F,Charts!$B$4,LIST!$B:$B,Charts!J$3,LIST!$A:$A,Charts!$B$8) -> 20 | ... O11: =N11-N10+COUNTIFS(LIST!$F:$F,Charts!$B$4,LIST!$B:$B,Charts!N$3,LIST!$A:$A,Charts!$B$8) -> 4 | Q11: გაყიდვების მაჩვენებლები ქვეყნების მიხედვით
B12: % | C12: =C10/C11 -> 0.17567568 | D12: =D10/D11 -> 0.14754098 | E12: =E10/E11 -> 0.076923077 | F12: =F10/F11 -> 0.125 | G12: =G10/G11 -> 0.16666667 | H12: =H10/H11 -> 0.11428571 | I12: =I10/I11 -> 0.29032258 | J12: =J10/J11 -> 0.090909091 | ... O12: =O10/O11 -> 0 | Q12: ქვეყანა | R12: ჯამი | S12: 2023 | T12: 2024 | U12: 2025 | V12: 2026
B13: ლისი | Q13: {=_xlfn.UNIQUE(_xlfn._xlws.FILTER(SALES!$P$460:$P$5848,SALES!$P$460:$P$5848<>""))} -> საქართველო | R13: =S13+T13 -> 685 | S13: =COUNTIFS(SALES!$P:$P,Charts!$Q13,SALES!$C:$C,Charts!S$12,SALES!$F:$F,"საცხოვრებელი")+COUNTIFS(Consolidate!$P:$P,Charts!$Q13,Consolidate!$C:$C,Charts!S$12,Consolidate!$F:$F,"საცხოვრებელი") -> 390 | T13: =COUNTIFS(SALES!$P:$P,Charts!$Q13,SALES!$C:$C,Charts!T$12,SALES!$F:$F,"საცხოვრებელი")+COUNTIFS(Consolidate!$P:$P,Charts!$Q13,Consolidate!$C:$C,Charts!T$12,Consolidate!$F:$F,"საცხოვრებელი") -> 295 | U13: =COUNTIFS(SALES!$P:$P,Charts!$Q13,SALES!$C:$C,Charts!U$12,SALES!$F:$F,"საცხოვრებელი")+COUNTIFS(Consolidate!$P:$P,Charts!$Q13,Consolidate!$C:$C,Charts!U$12,Consolidate!$F:$F,"საცხოვრებელი") -> 265 | V13: =COUNTIFS(SALES!$P:$P,Charts!$Q13,SALES!$C:$C,Charts!V$12,SALES!$F:$F,"საცხოვრებელი")+COUNTIFS(Consolidate!$P:$P,Charts!$Q13,Consolidate!$C:$C,Charts!V$12,Consolidate!$F:$F,"საცხოვრებელი") -> 101
B14: საცხოვრებელი | Q14: რუსეთი | R14: =S14+T14 -> 40 | S14: =COUNTIFS(SALES!$P:$P,Charts!$Q14,SALES!$C:$C,Charts!S$12,SALES!$F:$F,"საცხოვრებელი")+COUNTIFS(Consolidate!$P:$P,Charts!$Q14,Consolidate!$C:$C,Charts!S$12,Consolidate!$F:$F,"საცხოვრებელი") -> 21 | T14: =COUNTIFS(SALES!$P:$P,Charts!$Q14,SALES!$C:$C,Charts!T$12,SALES!$F:$F,"საცხოვრებელი")+COUNTIFS(Consolidate!$P:$P,Charts!$Q14,Consolidate!$C:$C,Charts!T$12,Consolidate!$F:$F,"საცხოვრებელი") -> 19 | U14: =COUNTIFS(SALES!$P:$P,Charts!$Q14,SALES!$C:$C,Charts!U$12,SALES!$F:$F,"საცხოვრებელი")+COUNTIFS(Consolidate!$P:$P,Charts!$Q14,Consolidate!$C:$C,Charts!U$12,Consolidate!$F:$F,"საცხოვრებელი") -> 20 | V14: =COUNTIFS(SALES!$P:$P,Charts!$Q14,SALES!$C:$C,Charts!V$12,SALES!$F:$F,"საცხოვრებელი")+COUNTIFS(Consolidate!$P:$P,Charts!$Q14,Consolidate!$C:$C,Charts!V$12,Consolidate!$F:$F,"საცხოვრებელი") -> 20
B15: გაყიდვები | C15: =INDEX(REPORT!$51:$51,MATCH(Charts!C$3,REPORT!$1:$1,0)) -> 1 | D15: =INDEX(REPORT!$51:$51,MATCH(Charts!D$3,REPORT!$1:$1,0)) -> 4 | E15: =INDEX(REPORT!$51:$51,MATCH(Charts!E$3,REPORT!$1:$1,0)) -> 7 | F15: =INDEX(REPORT!$51:$51,MATCH(Charts!F$3,REPORT!$1:$1,0)) -> 7 | G15: =INDEX(REPORT!$51:$51,MATCH(Charts!G$3,REPORT!$1:$1,0)) -> 7 | H15: =INDEX(REPORT!$51:$51,MATCH(Charts!H$3,REPORT!$1:$1,0)) -> 13 | I15: =INDEX(REPORT!$51:$51,MATCH(Charts!I$3,REPORT!$1:$1,0)) -> 13 | J15: =INDEX(REPORT!$51:$51,MATCH(Charts!J$3,REPORT!$1:$1,0)) -> 8 | ... O15: =INDEX(REPORT!$51:$51,MATCH(Charts!O$3,REPORT!$1:$1,0)) -> 4 | Q15: ესტონეთი | R15: =S15+T15 -> 2 | S15: =COUNTIFS(SALES!$P:$P,Charts!$Q15,SALES!$C:$C,Charts!S$12,SALES!$F:$F,"საცხოვრებელი")+COUNTIFS(Consolidate!$P:$P,Charts!$Q15,Consolidate!$C:$C,Charts!S$12,Consolidate!$F:$F,"საცხოვრებელი") -> 2 | T15: =COUNTIFS(SALES!$P:$P,Charts!$Q15,SALES!$C:$C,Charts!T$12,SALES!$F:$F,"საცხოვრებელი")+COUNTIFS(Consolidate!$P:$P,Charts!$Q15,Consolidate!$C:$C,Charts!T$12,Consolidate!$F:$F,"საცხოვრებელი") -> 0 | U15: =COUNTIFS(SALES!$P:$P,Charts!$Q15,SALES!$C:$C,Charts!U$12,SALES!$F:$F,"საცხოვრებელი")+COUNTIFS(Consolidate!$P:$P,Charts!$Q15,Consolidate!$C:$C,Charts!U$12,Consolidate!$F:$F,"საცხოვრებელი") -> 0 | V15: =COUNTIFS(SALES!$P:$P,Charts!$Q15,SALES!$C:$C,Charts!V$12,SALES!$F:$F,"საცხოვრებელი")+COUNTIFS(Consolidate!$P:$P,Charts!$Q15,Consolidate!$C:$C,Charts!V$12,Consolidate!$F:$F,"საცხოვრებელი") -> 0
B16: სტოკი | C16: =INDEX(REPORT!$171:$171,MATCH(EOMONTH(Charts!$C$3,-1),REPORT!$1:$1,0)) -> 41 | D16: =C16-C15+COUNTIFS(LIST!$F:$F,Charts!$B$4,LIST!$B:$B,Charts!C$3,LIST!$A:$A,Charts!$B$13) -> 40 | E16: =D16-D15+COUNTIFS(LIST!$F:$F,Charts!$B$4,LIST!$B:$B,Charts!D$3,LIST!$A:$A,Charts!$B$13) -> 47 | F16: =E16-E15+COUNTIFS(LIST!$F:$F,Charts!$B$4,LIST!$B:$B,Charts!E$3,LIST!$A:$A,Charts!$B$13) -> 40 | G16: =F16-F15+COUNTIFS(LIST!$F:$F,Charts!$B$4,LIST!$B:$B,Charts!F$3,LIST!$A:$A,Charts!$B$13) -> 55 | H16: =G16-G15+COUNTIFS(LIST!$F:$F,Charts!$B$4,LIST!$B:$B,Charts!G$3,LIST!$A:$A,Charts!$B$13) -> 92 | I16: =H16-H15+COUNTIFS(LIST!$F:$F,Charts!$B$4,LIST!$B:$B,Charts!H$3,LIST!$A:$A,Charts!$B$13) -> 79 | J16: =I16-I15+COUNTIFS(LIST!$F:$F,Charts!$B$4,LIST!$B:$B,Charts!I$3,LIST!$A:$A,Charts!$B$13) -> 66 | K16: =J16-J15+COUNTIFS(LIST!$F:$F,Charts!$B$4,LIST!$B:$B,Charts!J$3,LIST!$A:$A,Charts!$B$13) -> 58 | ... O16: =N16-N15+COUNTIFS(LIST!$F:$F,Charts!$B$4,LIST!$B:$B,Charts!N$3,LIST!$A:$A,Charts!$B$13) -> 79 | Q16: ისრაელი | R16: =S16+T16 -> 2 | S16: =COUNTIFS(SALES!$P:$P,Charts!$Q16,SALES!$C:$C,Charts!S$12,SALES!$F:$F,"საცხოვრებელი")+COUNTIFS(Consolidate!$P:$P,Charts!$Q16,Consolidate!$C:$C,Charts!S$12,Consolidate!$F:$F,"საცხოვრებელი") -> 1 | T16: =COUNTIFS(SALES!$P:$P,Charts!$Q16,SALES!$C:$C,Charts!T$12,SALES!$F:$F,"საცხოვრებელი")+COUNTIFS(Consolidate!$P:$P,Charts!$Q16,Consolidate!$C:$C,Charts!T$12,Consolidate!$F:$F,"საცხოვრებელი") -> 1 | U16: =COUNTIFS(SALES!$P:$P,Charts!$Q16,SALES!$C:$C,Charts!U$12,SALES!$F:$F,"საცხოვრებელი")+COUNTIFS(Consolidate!$P:$P,Charts!$Q16,Consolidate!$C:$C,Charts!U$12,Consolidate!$F:$F,"საცხოვრებელი") -> 4 | V16: =COUNTIFS(SALES!$P:$P,Charts!$Q16,SALES!$C:$C,Charts!V$12,SALES!$F:$F,"საცხოვრებელი")+COUNTIFS(Consolidate!$P:$P,Charts!$Q16,Consolidate!$C:$C,Charts!V$12,Consolidate!$F:$F,"საცხოვრებელი") -> 1
B17: % | C17: =C15/C16 -> 0.024390244 | D17: =D15/D16 -> 0.1 | E17: =E15/E16 -> 0.14893617 | F17: =F15/F16 -> 0.175 | G17: =G15/G16 -> 0.12727273 | H17: =H15/H16 -> 0.14130435 | I17: =I15/I16 -> 0.16455696 | J17: =J15/J16 -> 0.12121212 | ... O17: =O15/O16 -> 0.050632911 | Q17: ესპანეთი | R17: =S17+T17 -> 2 | S17: =COUNTIFS(SALES!$P:$P,Charts!$Q17,SALES!$C:$C,Charts!S$12,SALES!$F:$F,"საცხოვრებელი")+COUNTIFS(Consolidate!$P:$P,Charts!$Q17,Consolidate!$C:$C,Charts!S$12,Consolidate!$F:$F,"საცხოვრებელი") -> 2 | T17: =COUNTIFS(SALES!$P:$P,Charts!$Q17,SALES!$C:$C,Charts!T$12,SALES!$F:$F,"საცხოვრებელი")+COUNTIFS(Consolidate!$P:$P,Charts!$Q17,Consolidate!$C:$C,Charts!T$12,Consolidate!$F:$F,"საცხოვრებელი") -> 0 | U17: =COUNTIFS(SALES!$P:$P,Charts!$Q17,SALES!$C:$C,Charts!U$12,SALES!$F:$F,"საცხოვრებელი")+COUNTIFS(Consolidate!$P:$P,Charts!$Q17,Consolidate!$C:$C,Charts!U$12,Consolidate!$F:$F,"საცხოვრებელი") -> 0 | V17: =COUNTIFS(SALES!$P:$P,Charts!$Q17,SALES!$C:$C,Charts!V$12,SALES!$F:$F,"საცხოვრებელი")+COUNTIFS(Consolidate!$P:$P,Charts!$Q17,Consolidate!$C:$C,Charts!V$12,Consolidate!$F:$F,"საცხოვრებელი") -> 0
B18: უნივერსიტეტი | Q18: სომხეთი | R18: =S18+T18 -> 4 | S18: =COUNTIFS(SALES!$P:$P,Charts!$Q18,SALES!$C:$C,Charts!S$12,SALES!$F:$F,"საცხოვრებელი")+COUNTIFS(Consolidate!$P:$P,Charts!$Q18,Consolidate!$C:$C,Charts!S$12,Consolidate!$F:$F,"საცხოვრებელი") -> 4 | T18: =COUNTIFS(SALES!$P:$P,Charts!$Q18,SALES!$C:$C,Charts!T$12,SALES!$F:$F,"საცხოვრებელი")+COUNTIFS(Consolidate!$P:$P,Charts!$Q18,Consolidate!$C:$C,Charts!T$12,Consolidate!$F:$F,"საცხოვრებელი") -> 0 | U18: =COUNTIFS(SALES!$P:$P,Charts!$Q18,SALES!$C:$C,Charts!U$12,SALES!$F:$F,"საცხოვრებელი")+COUNTIFS(Consolidate!$P:$P,Charts!$Q18,Consolidate!$C:$C,Charts!U$12,Consolidate!$F:$F,"საცხოვრებელი") -> 0 | V18: =COUNTIFS(SALES!$P:$P,Charts!$Q18,SALES!$C:$C,Charts!V$12,SALES!$F:$F,"საცხოვრებელი")+COUNTIFS(Consolidate!$P:$P,Charts!$Q18,Consolidate!$C:$C,Charts!V$12,Consolidate!$F:$F,"საცხოვრებელი") -> 0
B19: საცხოვრებელი | Q19: ირანი | R19: =S19+T19 -> 11 | S19: =COUNTIFS(SALES!$P:$P,Charts!$Q19,SALES!$C:$C,Charts!S$12,SALES!$F:$F,"საცხოვრებელი")+COUNTIFS(Consolidate!$P:$P,Charts!$Q19,Consolidate!$C:$C,Charts!S$12,Consolidate!$F:$F,"საცხოვრებელი") -> 2 | T19: =COUNTIFS(SALES!$P:$P,Charts!$Q19,SALES!$C:$C,Charts!T$12,SALES!$F:$F,"საცხოვრებელი")+COUNTIFS(Consolidate!$P:$P,Charts!$Q19,Consolidate!$C:$C,Charts!T$12,Consolidate!$F:$F,"საცხოვრებელი") -> 9 | U19: =COUNTIFS(SALES!$P:$P,Charts!$Q19,SALES!$C:$C,Charts!U$12,SALES!$F:$F,"საცხოვრებელი")+COUNTIFS(Consolidate!$P:$P,Charts!$Q19,Consolidate!$C:$C,Charts!U$12,Consolidate!$F:$F,"საცხოვრებელი") -> 2 | V19: =COUNTIFS(SALES!$P:$P,Charts!$Q19,SALES!$C:$C,Charts!V$12,SALES!$F:$F,"საცხოვრებელი")+COUNTIFS(Consolidate!$P:$P,Charts!$Q19,Consolidate!$C:$C,Charts!V$12,Consolidate!$F:$F,"საცხოვრებელი") -> 0
B20: გაყიდვები | C20: =INDEX(REPORT!$57:$57,MATCH(Charts!C$3,REPORT!$1:$1,0)) -> 11 | D20: =INDEX(REPORT!$57:$57,MATCH(Charts!D$3,REPORT!$1:$1,0)) -> 27 | E20: =INDEX(REPORT!$57:$57,MATCH(Charts!E$3,REPORT!$1:$1,0)) -> 8 | F20: =INDEX(REPORT!$57:$57,MATCH(Charts!F$3,REPORT!$1:$1,0)) -> 10 | G20: =INDEX(REPORT!$57:$57,MATCH(Charts!G$3,REPORT!$1:$1,0)) -> 5 | H20: =INDEX(REPORT!$57:$57,MATCH(Charts!H$3,REPORT!$1:$1,0)) -> 10 | I20: =INDEX(REPORT!$57:$57,MATCH(Charts!I$3,REPORT!$1:$1,0)) -> 10 | J20: =INDEX(REPORT!$57:$57,MATCH(Charts!J$3,REPORT!$1:$1,0)) -> 13 | ... O20: =INDEX(REPORT!$57:$57,MATCH(Charts!O$3,REPORT!$1:$1,0)) -> 33 | Q20: ბელორუსია | R20: =S20+T20 -> 6 | S20: =COUNTIFS(SALES!$P:$P,Charts!$Q20,SALES!$C:$C,Charts!S$12,SALES!$F:$F,"საცხოვრებელი")+COUNTIFS(Consolidate!$P:$P,Charts!$Q20,Consolidate!$C:$C,Charts!S$12,Consolidate!$F:$F,"საცხოვრებელი") -> 1 | T20: =COUNTIFS(SALES!$P:$P,Charts!$Q20,SALES!$C:$C,Charts!T$12,SALES!$F:$F,"საცხოვრებელი")+COUNTIFS(Consolidate!$P:$P,Charts!$Q20,Consolidate!$C:$C,Charts!T$12,Consolidate!$F:$F,"საცხოვრებელი") -> 5 | U20: =COUNTIFS(SALES!$P:$P,Charts!$Q20,SALES!$C:$C,Charts!U$12,SALES!$F:$F,"საცხოვრებელი")+COUNTIFS(Consolidate!$P:$P,Charts!$Q20,Consolidate!$C:$C,Charts!U$12,Consolidate!$F:$F,"საცხოვრებელი") -> 2 | V20: =COUNTIFS(SALES!$P:$P,Charts!$Q20,SALES!$C:$C,Charts!V$12,SALES!$F:$F,"საცხოვრებელი")+COUNTIFS(Consolidate!$P:$P,Charts!$Q20,Consolidate!$C:$C,Charts!V$12,Consolidate!$F:$F,"საცხოვრებელი") -> 1
B21: სტოკი | C21: =INDEX(REPORT!$177:$177,MATCH(EOMONTH(Charts!$C$3,-1),REPORT!$1:$1,0)) -> 140 | D21: =C21-C20+COUNTIFS(LIST!$F:$F,Charts!$B$4,LIST!$B:$B,Charts!C$3,LIST!$A:$A,Charts!$B$18) -> 129 | E21: =D21-D20+COUNTIFS(LIST!$F:$F,Charts!$B$4,LIST!$B:$B,Charts!D$3,LIST!$A:$A,Charts!$B$18) -> 217 | F21: =E21-E20+COUNTIFS(LIST!$F:$F,Charts!$B$4,LIST!$B:$B,Charts!E$3,LIST!$A:$A,Charts!$B$18) -> 209 | G21: =F21-F20+COUNTIFS(LIST!$F:$F,Charts!$B$4,LIST!$B:$B,Charts!F$3,LIST!$A:$A,Charts!$B$18) -> 199 | H21: =G21-G20+COUNTIFS(LIST!$F:$F,Charts!$B$4,LIST!$B:$B,Charts!G$3,LIST!$A:$A,Charts!$B$18) -> 194 | I21: =H21-H20+COUNTIFS(LIST!$F:$F,Charts!$B$4,LIST!$B:$B,Charts!H$3,LIST!$A:$A,Charts!$B$18) -> 184 | J21: =I21-I20+COUNTIFS(LIST!$F:$F,Charts!$B$4,LIST!$B:$B,Charts!I$3,LIST!$A:$A,Charts!$B$18) -> 174 | K21: =J21-J20+COUNTIFS(LIST!$F:$F,Charts!$B$4,LIST!$B:$B,Charts!J$3,LIST!$A:$A,Charts!$B$18) -> 161 | ... O21: =N21-N20+COUNTIFS(LIST!$F:$F,Charts!$B$4,LIST!$B:$B,Charts!N$3,LIST!$A:$A,Charts!$B$18) -> 131 | Q21: გერმანია | R21: =S21+T21 -> 5 | S21: =COUNTIFS(SALES!$P:$P,Charts!$Q21,SALES!$C:$C,Charts!S$12,SALES!$F:$F,"საცხოვრებელი")+COUNTIFS(Consolidate!$P:$P,Charts!$Q21,Consolidate!$C:$C,Charts!S$12,Consolidate!$F:$F,"საცხოვრებელი") -> 2 | T21: =COUNTIFS(SALES!$P:$P,Charts!$Q21,SALES!$C:$C,Charts!T$12,SALES!$F:$F,"საცხოვრებელი")+COUNTIFS(Consolidate!$P:$P,Charts!$Q21,Consolidate!$C:$C,Charts!T$12,Consolidate!$F:$F,"საცხოვრებელი") -> 3 | U21: =COUNTIFS(SALES!$P:$P,Charts!$Q21,SALES!$C:$C,Charts!U$12,SALES!$F:$F,"საცხოვრებელი")+COUNTIFS(Consolidate!$P:$P,Charts!$Q21,Consolidate!$C:$C,Charts!U$12,Consolidate!$F:$F,"საცხოვრებელი") -> 4 | V21: =COUNTIFS(SALES!$P:$P,Charts!$Q21,SALES!$C:$C,Charts!V$12,SALES!$F:$F,"საცხოვრებელი")+COUNTIFS(Consolidate!$P:$P,Charts!$Q21,Consolidate!$C:$C,Charts!V$12,Consolidate!$F:$F,"საცხოვრებელი") -> 0
B22: % | C22: =C20/C21 -> 0.078571429 | D22: =D20/D21 -> 0.20930233 | E22: =E20/E21 -> 0.036866359 | F22: =F20/F21 -> 0.04784689 | G22: =G20/G21 -> 0.025125628 | H22: =H20/H21 -> 0.051546392 | I22: =I20/I21 -> 0.054347826 | J22: =J20/J21 -> 0.074712644 | ... O22: =O20/O21 -> 0.2519084 | Q22: ბელგია | R22: =S22+T22 -> 1 | S22: =COUNTIFS(SALES!$P:$P,Charts!$Q22,SALES!$C:$C,Charts!S$12,SALES!$F:$F,"საცხოვრებელი")+COUNTIFS(Consolidate!$P:$P,Charts!$Q22,Consolidate!$C:$C,Charts!S$12,Consolidate!$F:$F,"საცხოვრებელი") -> 1 | T22: =COUNTIFS(SALES!$P:$P,Charts!$Q22,SALES!$C:$C,Charts!T$12,SALES!$F:$F,"საცხოვრებელი")+COUNTIFS(Consolidate!$P:$P,Charts!$Q22,Consolidate!$C:$C,Charts!T$12,Consolidate!$F:$F,"საცხოვრებელი") -> 0 | U22: =COUNTIFS(SALES!$P:$P,Charts!$Q22,SALES!$C:$C,Charts!U$12,SALES!$F:$F,"საცხოვრებელი")+COUNTIFS(Consolidate!$P:$P,Charts!$Q22,Consolidate!$C:$C,Charts!U$12,Consolidate!$F:$F,"საცხოვრებელი") -> 0 | V22: =COUNTIFS(SALES!$P:$P,Charts!$Q22,SALES!$C:$C,Charts!V$12,SALES!$F:$F,"საცხოვრებელი")+COUNTIFS(Consolidate!$P:$P,Charts!$Q22,Consolidate!$C:$C,Charts!V$12,Consolidate!$F:$F,"საცხოვრებელი") -> 0
Q23: უკრაინა | R23: =S23+T23 -> 6 | S23: =COUNTIFS(SALES!$P:$P,Charts!$Q23,SALES!$C:$C,Charts!S$12,SALES!$F:$F,"საცხოვრებელი")+COUNTIFS(Consolidate!$P:$P,Charts!$Q23,Consolidate!$C:$C,Charts!S$12,Consolidate!$F:$F,"საცხოვრებელი") -> 1 | T23: =COUNTIFS(SALES!$P:$P,Charts!$Q23,SALES!$C:$C,Charts!T$12,SALES!$F:$F,"საცხოვრებელი")+COUNTIFS(Consolidate!$P:$P,Charts!$Q23,Consolidate!$C:$C,Charts!T$12,Consolidate!$F:$F,"საცხოვრებელი") -> 5 | U23: =COUNTIFS(SALES!$P:$P,Charts!$Q23,SALES!$C:$C,Charts!U$12,SALES!$F:$F,"საცხოვრებელი")+COUNTIFS(Consolidate!$P:$P,Charts!$Q23,Consolidate!$C:$C,Charts!U$12,Consolidate!$F:$F,"საცხოვრებელი") -> 3 | V23: =COUNTIFS(SALES!$P:$P,Charts!$Q23,SALES!$C:$C,Charts!V$12,SALES!$F:$F,"საცხოვრებელი")+COUNTIFS(Consolidate!$P:$P,Charts!$Q23,Consolidate!$C:$C,Charts!V$12,Consolidate!$F:$F,"საცხოვრებელი") -> 2
B24: check | C24: =C6-C11-C16-C21 -> 0 | D24: =D6-D11-D16-D21 -> 0 | E24: =E6-E11-E16-E21 -> 0 | F24: =F6-F11-F16-F21 -> 0 | G24: =G6-G11-G16-G21 -> 0 | H24: =H6-H11-H16-H21 -> 0 | I24: =I6-I11-I16-I21 -> 0 | J24: =J6-J11-J16-J21 -> 0 | ... O24: =O6-O11-O16-O21 -> 0 | Q24: ტუნისი | R24: =S24+T24 -> 1 | S24: =COUNTIFS(SALES!$P:$P,Charts!$Q24,SALES!$C:$C,Charts!S$12,SALES!$F:$F,"საცხოვრებელი")+COUNTIFS(Consolidate!$P:$P,Charts!$Q24,Consolidate!$C:$C,Charts!S$12,Consolidate!$F:$F,"საცხოვრებელი") -> 1 | T24: =COUNTIFS(SALES!$P:$P,Charts!$Q24,SALES!$C:$C,Charts!T$12,SALES!$F:$F,"საცხოვრებელი")+COUNTIFS(Consolidate!$P:$P,Charts!$Q24,Consolidate!$C:$C,Charts!T$12,Consolidate!$F:$F,"საცხოვრებელი") -> 0 | U24: =COUNTIFS(SALES!$P:$P,Charts!$Q24,SALES!$C:$C,Charts!U$12,SALES!$F:$F,"საცხოვრებელი")+COUNTIFS(Consolidate!$P:$P,Charts!$Q24,Consolidate!$C:$C,Charts!U$12,Consolidate!$F:$F,"საცხოვრებელი") -> 0 | V24: =COUNTIFS(SALES!$P:$P,Charts!$Q24,SALES!$C:$C,Charts!V$12,SALES!$F:$F,"საცხოვრებელი")+COUNTIFS(Consolidate!$P:$P,Charts!$Q24,Consolidate!$C:$C,Charts!V$12,Consolidate!$F:$F,"საცხოვრებელი") -> 0
Q25: ამერიკა | R25: =S25+T25 -> 1 | S25: =COUNTIFS(SALES!$P:$P,Charts!$Q25,SALES!$C:$C,Charts!S$12,SALES!$F:$F,"საცხოვრებელი")+COUNTIFS(Consolidate!$P:$P,Charts!$Q25,Consolidate!$C:$C,Charts!S$12,Consolidate!$F:$F,"საცხოვრებელი") -> 1 | T25: =COUNTIFS(SALES!$P:$P,Charts!$Q25,SALES!$C:$C,Charts!T$12,SALES!$F:$F,"საცხოვრებელი")+COUNTIFS(Consolidate!$P:$P,Charts!$Q25,Consolidate!$C:$C,Charts!T$12,Consolidate!$F:$F,"საცხოვრებელი") -> 0 | U25: =COUNTIFS(SALES!$P:$P,Charts!$Q25,SALES!$C:$C,Charts!U$12,SALES!$F:$F,"საცხოვრებელი")+COUNTIFS(Consolidate!$P:$P,Charts!$Q25,Consolidate!$C:$C,Charts!U$12,Consolidate!$F:$F,"საცხოვრებელი") -> 0 | V25: =COUNTIFS(SALES!$P:$P,Charts!$Q25,SALES!$C:$C,Charts!V$12,SALES!$F:$F,"საცხოვრებელი")+COUNTIFS(Consolidate!$P:$P,Charts!$Q25,Consolidate!$C:$C,Charts!V$12,Consolidate!$F:$F,"საცხოვრებელი") -> 1
B26: გაყიდვის ტიპი | C26: =EOMONTH(B1,-12) -> 45777 | D26: =EOMONTH(C26,1) -> 45808 | E26: =EOMONTH(D26,1) -> 45838 | F26: =EOMONTH(E26,1) -> 45869 | G26: =EOMONTH(F26,1) -> 45900 | H26: =EOMONTH(G26,1) -> 45930 | I26: =EOMONTH(H26,1) -> 45961 | J26: =EOMONTH(I26,1) -> 45991 | K26: =EOMONTH(J26,1) -> 46022 | ... O26: =EOMONTH(N26,1) -> 46142 | Q26: არაბი | R26: =S26+T26 -> 2 | S26: =COUNTIFS(SALES!$P:$P,Charts!$Q26,SALES!$C:$C,Charts!S$12,SALES!$F:$F,"საცხოვრებელი")+COUNTIFS(Consolidate!$P:$P,Charts!$Q26,Consolidate!$C:$C,Charts!S$12,Consolidate!$F:$F,"საცხოვრებელი") -> 0 | T26: =COUNTIFS(SALES!$P:$P,Charts!$Q26,SALES!$C:$C,Charts!T$12,SALES!$F:$F,"საცხოვრებელი")+COUNTIFS(Consolidate!$P:$P,Charts!$Q26,Consolidate!$C:$C,Charts!T$12,Consolidate!$F:$F,"საცხოვრებელი") -> 2 | U26: =COUNTIFS(SALES!$P:$P,Charts!$Q26,SALES!$C:$C,Charts!U$12,SALES!$F:$F,"საცხოვრებელი")+COUNTIFS(Consolidate!$P:$P,Charts!$Q26,Consolidate!$C:$C,Charts!U$12,Consolidate!$F:$F,"საცხოვრებელი") -> 0 | V26: =COUNTIFS(SALES!$P:$P,Charts!$Q26,SALES!$C:$C,Charts!V$12,SALES!$F:$F,"საცხოვრებელი")+COUNTIFS(Consolidate!$P:$P,Charts!$Q26,Consolidate!$C:$C,Charts!V$12,Consolidate!$F:$F,"საცხოვრებელი") -> 0
B27: 1 | C27: =COUNTIFS(SALES!$R:$R,$B27,SALES!$B:$B,C$26)+COUNTIFS(Consolidate!$R:$R,$B27,Consolidate!$B:$B,C$26)-COUNTIFS(SALES!$R:$R,$B27,SALES!$B:$B,C$26,SALES!$T:$T,"Cancelled")*2 -> 12 | D27: =COUNTIFS(SALES!$R:$R,$B27,SALES!$B:$B,D$26)+COUNTIFS(Consolidate!$R:$R,$B27,Consolidate!$B:$B,D$26)-COUNTIFS(SALES!$R:$R,$B27,SALES!$B:$B,D$26,SALES!$T:$T,"Cancelled")*2 -> 23 | E27: =COUNTIFS(SALES!$R:$R,$B27,SALES!$B:$B,E$26)+COUNTIFS(Consolidate!$R:$R,$B27,Consolidate!$B:$B,E$26)-COUNTIFS(SALES!$R:$R,$B27,SALES!$B:$B,E$26,SALES!$T:$T,"Cancelled")*2 -> 13 | F27: =COUNTIFS(SALES!$R:$R,$B27,SALES!$B:$B,F$26)+COUNTIFS(Consolidate!$R:$R,$B27,Consolidate!$B:$B,F$26)-COUNTIFS(SALES!$R:$R,$B27,SALES!$B:$B,F$26,SALES!$T:$T,"Cancelled")*2 -> 15 | G27: =COUNTIFS(SALES!$R:$R,$B27,SALES!$B:$B,G$26)+COUNTIFS(Consolidate!$R:$R,$B27,Consolidate!$B:$B,G$26)-COUNTIFS(SALES!$R:$R,$B27,SALES!$B:$B,G$26,SALES!$T:$T,"Cancelled")*2 -> 11 | H27: =COUNTIFS(SALES!$R:$R,$B27,SALES!$B:$B,H$26)+COUNTIFS(Consolidate!$R:$R,$B27,Consolidate!$B:$B,H$26)-COUNTIFS(SALES!$R:$R,$B27,SALES!$B:$B,H$26,SALES!$T:$T,"Cancelled")*2 -> 14 | I27: =COUNTIFS(SALES!$R:$R,$B27,SALES!$B:$B,I$26)+COUNTIFS(Consolidate!$R:$R,$B27,Consolidate!$B:$B,I$26)-COUNTIFS(SALES!$R:$R,$B27,SALES!$B:$B,I$26,SALES!$T:$T,"Cancelled")*2 -> 13 | J27: =COUNTIFS(SALES!$R:$R,$B27,SALES!$B:$B,J$26)+COUNTIFS(Consolidate!$R:$R,$B27,Consolidate!$B:$B,J$26)-COUNTIFS(SALES!$R:$R,$B27,SALES!$B:$B,J$26,SALES!$T:$T,"Cancelled")*2 -> 17 | ... O27: =COUNTIFS(SALES!$R:$R,$B27,SALES!$B:$B,O$26)+COUNTIFS(Consolidate!$R:$R,$B27,Consolidate!$B:$B,O$26)-COUNTIFS(SALES!$R:$R,$B27,SALES!$B:$B,O$26,SALES!$T:$T,"Cancelled")*2 -> 10 | Q27: იტალია | R27: =S27+T27 -> 1 | S27: =COUNTIFS(SALES!$P:$P,Charts!$Q27,SALES!$C:$C,Charts!S$12,SALES!$F:$F,"საცხოვრებელი")+COUNTIFS(Consolidate!$P:$P,Charts!$Q27,Consolidate!$C:$C,Charts!S$12,Consolidate!$F:$F,"საცხოვრებელი") -> 0 | T27: =COUNTIFS(SALES!$P:$P,Charts!$Q27,SALES!$C:$C,Charts!T$12,SALES!$F:$F,"საცხოვრებელი")+COUNTIFS(Consolidate!$P:$P,Charts!$Q27,Consolidate!$C:$C,Charts!T$12,Consolidate!$F:$F,"საცხოვრებელი") -> 1 | U27: =COUNTIFS(SALES!$P:$P,Charts!$Q27,SALES!$C:$C,Charts!U$12,SALES!$F:$F,"საცხოვრებელი")+COUNTIFS(Consolidate!$P:$P,Charts!$Q27,Consolidate!$C:$C,Charts!U$12,Consolidate!$F:$F,"საცხოვრებელი") -> 1 | V27: =COUNTIFS(SALES!$P:$P,Charts!$Q27,SALES!$C:$C,Charts!V$12,SALES!$F:$F,"საცხოვრებელი")+COUNTIFS(Consolidate!$P:$P,Charts!$Q27,Consolidate!$C:$C,Charts!V$12,Consolidate!$F:$F,"საცხოვრებელი") -> 0
B28: ბანკი | C28: =COUNTIFS(SALES!$R:$R,$B28,SALES!$B:$B,C$26)+COUNTIFS(Consolidate!$R:$R,$B28,Consolidate!$B:$B,C$26)-COUNTIFS(SALES!$R:$R,$B28,SALES!$B:$B,C$26,SALES!$T:$T,"Cancelled")*2 -> 7 | D28: =COUNTIFS(SALES!$R:$R,$B28,SALES!$B:$B,D$26)+COUNTIFS(Consolidate!$R:$R,$B28,Consolidate!$B:$B,D$26)-COUNTIFS(SALES!$R:$R,$B28,SALES!$B:$B,D$26,SALES!$T:$T,"Cancelled")*2 -> 5 | E28: =COUNTIFS(SALES!$R:$R,$B28,SALES!$B:$B,E$26)+COUNTIFS(Consolidate!$R:$R,$B28,Consolidate!$B:$B,E$26)-COUNTIFS(SALES!$R:$R,$B28,SALES!$B:$B,E$26,SALES!$T:$T,"Cancelled")*2 -> 0 | F28: =COUNTIFS(SALES!$R:$R,$B28,SALES!$B:$B,F$26)+COUNTIFS(Consolidate!$R:$R,$B28,Consolidate!$B:$B,F$26)-COUNTIFS(SALES!$R:$R,$B28,SALES!$B:$B,F$26,SALES!$T:$T,"Cancelled")*2 -> 3 | G28: =COUNTIFS(SALES!$R:$R,$B28,SALES!$B:$B,G$26)+COUNTIFS(Consolidate!$R:$R,$B28,Consolidate!$B:$B,G$26)-COUNTIFS(SALES!$R:$R,$B28,SALES!$B:$B,G$26,SALES!$T:$T,"Cancelled")*2 -> 1 | H28: =COUNTIFS(SALES!$R:$R,$B28,SALES!$B:$B,H$26)+COUNTIFS(Consolidate!$R:$R,$B28,Consolidate!$B:$B,H$26)-COUNTIFS(SALES!$R:$R,$B28,SALES!$B:$B,H$26,SALES!$T:$T,"Cancelled")*2 -> 1 | I28: =COUNTIFS(SALES!$R:$R,$B28,SALES!$B:$B,I$26)+COUNTIFS(Consolidate!$R:$R,$B28,Consolidate!$B:$B,I$26)-COUNTIFS(SALES!$R:$R,$B28,SALES!$B:$B,I$26,SALES!$T:$T,"Cancelled")*2 -> 7 | J28: =COUNTIFS(SALES!$R:$R,$B28,SALES!$B:$B,J$26)+COUNTIFS(Consolidate!$R:$R,$B28,Consolidate!$B:$B,J$26)-COUNTIFS(SALES!$R:$R,$B28,SALES!$B:$B,J$26,SALES!$T:$T,"Cancelled")*2 -> 1 | ... O28: =COUNTIFS(SALES!$R:$R,$B28,SALES!$B:$B,O$26)+COUNTIFS(Consolidate!$R:$R,$B28,Consolidate!$B:$B,O$26)-COUNTIFS(SALES!$R:$R,$B28,SALES!$B:$B,O$26,SALES!$T:$T,"Cancelled")*2 -> 1 | Q28: აზერბაიჯანი | R28: =S28+T28 -> 1 | S28: =COUNTIFS(SALES!$P:$P,Charts!$Q28,SALES!$C:$C,Charts!S$12,SALES!$F:$F,"საცხოვრებელი")+COUNTIFS(Consolidate!$P:$P,Charts!$Q28,Consolidate!$C:$C,Charts!S$12,Consolidate!$F:$F,"საცხოვრებელი") -> 0 | T28: =COUNTIFS(SALES!$P:$P,Charts!$Q28,SALES!$C:$C,Charts!T$12,SALES!$F:$F,"საცხოვრებელი")+COUNTIFS(Consolidate!$P:$P,Charts!$Q28,Consolidate!$C:$C,Charts!T$12,Consolidate!$F:$F,"საცხოვრებელი") -> 1 | U28: =COUNTIFS(SALES!$P:$P,Charts!$Q28,SALES!$C:$C,Charts!U$12,SALES!$F:$F,"საცხოვრებელი")+COUNTIFS(Consolidate!$P:$P,Charts!$Q28,Consolidate!$C:$C,Charts!U$12,Consolidate!$F:$F,"საცხოვრებელი") -> 0 | V28: =COUNTIFS(SALES!$P:$P,Charts!$Q28,SALES!$C:$C,Charts!V$12,SALES!$F:$F,"საცხოვრებელი")+COUNTIFS(Consolidate!$P:$P,Charts!$Q28,Consolidate!$C:$C,Charts!V$12,Consolidate!$F:$F,"საცხოვრებელი") -> 1
B29: შიდა განვადება | C29: =COUNTIFS(SALES!$R:$R,$B29,SALES!$B:$B,C$26)+COUNTIFS(Consolidate!$R:$R,$B29,Consolidate!$B:$B,C$26)-COUNTIFS(SALES!$R:$R,$B29,SALES!$B:$B,C$26,SALES!$T:$T,"Cancelled")*2 -> 6 | D29: =COUNTIFS(SALES!$R:$R,$B29,SALES!$B:$B,D$26)+COUNTIFS(Consolidate!$R:$R,$B29,Consolidate!$B:$B,D$26)-COUNTIFS(SALES!$R:$R,$B29,SALES!$B:$B,D$26,SALES!$T:$T,"Cancelled")*2 -> 12 | E29: =COUNTIFS(SALES!$R:$R,$B29,SALES!$B:$B,E$26)+COUNTIFS(Consolidate!$R:$R,$B29,Consolidate!$B:$B,E$26)-COUNTIFS(SALES!$R:$R,$B29,SALES!$B:$B,E$26,SALES!$T:$T,"Cancelled")*2 -> 6 | F29: =COUNTIFS(SALES!$R:$R,$B29,SALES!$B:$B,F$26)+COUNTIFS(Consolidate!$R:$R,$B29,Consolidate!$B:$B,F$26)-COUNTIFS(SALES!$R:$R,$B29,SALES!$B:$B,F$26,SALES!$T:$T,"Cancelled")*2 -> 5 | G29: =COUNTIFS(SALES!$R:$R,$B29,SALES!$B:$B,G$26)+COUNTIFS(Consolidate!$R:$R,$B29,Consolidate!$B:$B,G$26)-COUNTIFS(SALES!$R:$R,$B29,SALES!$B:$B,G$26,SALES!$T:$T,"Cancelled")*2 -> 7 | H29: =COUNTIFS(SALES!$R:$R,$B29,SALES!$B:$B,H$26)+COUNTIFS(Consolidate!$R:$R,$B29,Consolidate!$B:$B,H$26)-COUNTIFS(SALES!$R:$R,$B29,SALES!$B:$B,H$26,SALES!$T:$T,"Cancelled")*2 -> 12 | I29: =COUNTIFS(SALES!$R:$R,$B29,SALES!$B:$B,I$26)+COUNTIFS(Consolidate!$R:$R,$B29,Consolidate!$B:$B,I$26)-COUNTIFS(SALES!$R:$R,$B29,SALES!$B:$B,I$26,SALES!$T:$T,"Cancelled")*2 -> 12 | J29: =COUNTIFS(SALES!$R:$R,$B29,SALES!$B:$B,J$26)+COUNTIFS(Consolidate!$R:$R,$B29,Consolidate!$B:$B,J$26)-COUNTIFS(SALES!$R:$R,$B29,SALES!$B:$B,J$26,SALES!$T:$T,"Cancelled")*2 -> 5 | ... O29: =COUNTIFS(SALES!$R:$R,$B29,SALES!$B:$B,O$26)+COUNTIFS(Consolidate!$R:$R,$B29,Consolidate!$B:$B,O$26)-COUNTIFS(SALES!$R:$R,$B29,SALES!$B:$B,O$26,SALES!$T:$T,"Cancelled")*2 -> 26 | Q29: ინდოეთი | R29: =S29+T29 -> 3 | S29: =COUNTIFS(SALES!$P:$P,Charts!$Q29,SALES!$C:$C,Charts!S$12,SALES!$F:$F,"საცხოვრებელი")+COUNTIFS(Consolidate!$P:$P,Charts!$Q29,Consolidate!$C:$C,Charts!S$12,Consolidate!$F:$F,"საცხოვრებელი") -> 0 | T29: =COUNTIFS(SALES!$P:$P,Charts!$Q29,SALES!$C:$C,Charts!T$12,SALES!$F:$F,"საცხოვრებელი")+COUNTIFS(Consolidate!$P:$P,Charts!$Q29,Consolidate!$C:$C,Charts!T$12,Consolidate!$F:$F,"საცხოვრებელი") -> 3 | U29: =COUNTIFS(SALES!$P:$P,Charts!$Q29,SALES!$C:$C,Charts!U$12,SALES!$F:$F,"საცხოვრებელი")+COUNTIFS(Consolidate!$P:$P,Charts!$Q29,Consolidate!$C:$C,Charts!U$12,Consolidate!$F:$F,"საცხოვრებელი") -> 0 | V29: =COUNTIFS(SALES!$P:$P,Charts!$Q29,SALES!$C:$C,Charts!V$12,SALES!$F:$F,"საცხოვრებელი")+COUNTIFS(Consolidate!$P:$P,Charts!$Q29,Consolidate!$C:$C,Charts!V$12,Consolidate!$F:$F,"საცხოვრებელი") -> 0
Q30: თურქეთი | R30: =S30+T30 -> 1 | S30: =COUNTIFS(SALES!$P:$P,Charts!$Q30,SALES!$C:$C,Charts!S$12,SALES!$F:$F,"საცხოვრებელი")+COUNTIFS(Consolidate!$P:$P,Charts!$Q30,Consolidate!$C:$C,Charts!S$12,Consolidate!$F:$F,"საცხოვრებელი") -> 0 | T30: =COUNTIFS(SALES!$P:$P,Charts!$Q30,SALES!$C:$C,Charts!T$12,SALES!$F:$F,"საცხოვრებელი")+COUNTIFS(Consolidate!$P:$P,Charts!$Q30,Consolidate!$C:$C,Charts!T$12,Consolidate!$F:$F,"საცხოვრებელი") -> 1 | U30: =COUNTIFS(SALES!$P:$P,Charts!$Q30,SALES!$C:$C,Charts!U$12,SALES!$F:$F,"საცხოვრებელი")+COUNTIFS(Consolidate!$P:$P,Charts!$Q30,Consolidate!$C:$C,Charts!U$12,Consolidate!$F:$F,"საცხოვრებელი") -> 3 | V30: =COUNTIFS(SALES!$P:$P,Charts!$Q30,SALES!$C:$C,Charts!V$12,SALES!$F:$F,"საცხოვრებელი")+COUNTIFS(Consolidate!$P:$P,Charts!$Q30,Consolidate!$C:$C,Charts!V$12,Consolidate!$F:$F,"საცხოვრებელი") -> 0
Q31: ჩეხეთი | R31: =S31+T31 -> 0 | S31: =COUNTIFS(SALES!$P:$P,Charts!$Q31,SALES!$C:$C,Charts!S$12,SALES!$F:$F,"საცხოვრებელი")+COUNTIFS(Consolidate!$P:$P,Charts!$Q31,Consolidate!$C:$C,Charts!S$12,Consolidate!$F:$F,"საცხოვრებელი") -> 0 | T31: =COUNTIFS(SALES!$P:$P,Charts!$Q31,SALES!$C:$C,Charts!T$12,SALES!$F:$F,"საცხოვრებელი")+COUNTIFS(Consolidate!$P:$P,Charts!$Q31,Consolidate!$C:$C,Charts!T$12,Consolidate!$F:$F,"საცხოვრებელი") -> 0 | U31: =COUNTIFS(SALES!$P:$P,Charts!$Q31,SALES!$C:$C,Charts!U$12,SALES!$F:$F,"საცხოვრებელი")+COUNTIFS(Consolidate!$P:$P,Charts!$Q31,Consolidate!$C:$C,Charts!U$12,Consolidate!$F:$F,"საცხოვრებელი") -> 3 | V31: =COUNTIFS(SALES!$P:$P,Charts!$Q31,SALES!$C:$C,Charts!V$12,SALES!$F:$F,"საცხოვრებელი")+COUNTIFS(Consolidate!$P:$P,Charts!$Q31,Consolidate!$C:$C,Charts!V$12,Consolidate!$F:$F,"საცხოვრებელი") -> 1
Q32: ეგვიპტე | R32: =S32+T32 -> 0 | S32: =COUNTIFS(SALES!$P:$P,Charts!$Q32,SALES!$C:$C,Charts!S$12,SALES!$F:$F,"საცხოვრებელი")+COUNTIFS(Consolidate!$P:$P,Charts!$Q32,Consolidate!$C:$C,Charts!S$12,Consolidate!$F:$F,"საცხოვრებელი") -> 0 | T32: =COUNTIFS(SALES!$P:$P,Charts!$Q32,SALES!$C:$C,Charts!T$12,SALES!$F:$F,"საცხოვრებელი")+COUNTIFS(Consolidate!$P:$P,Charts!$Q32,Consolidate!$C:$C,Charts!T$12,Consolidate!$F:$F,"საცხოვრებელი") -> 0 | U32: =COUNTIFS(SALES!$P:$P,Charts!$Q32,SALES!$C:$C,Charts!U$12,SALES!$F:$F,"საცხოვრებელი")+COUNTIFS(Consolidate!$P:$P,Charts!$Q32,Consolidate!$C:$C,Charts!U$12,Consolidate!$F:$F,"საცხოვრებელი") -> 1 | V32: =COUNTIFS(SALES!$P:$P,Charts!$Q32,SALES!$C:$C,Charts!V$12,SALES!$F:$F,"საცხოვრებელი")+COUNTIFS(Consolidate!$P:$P,Charts!$Q32,Consolidate!$C:$C,Charts!V$12,Consolidate!$F:$F,"საცხოვრებელი") -> 0
Q33: პოლონეთი | R33: =S33+T33 -> 0 | S33: =COUNTIFS(SALES!$P:$P,Charts!$Q33,SALES!$C:$C,Charts!S$12,SALES!$F:$F,"საცხოვრებელი")+COUNTIFS(Consolidate!$P:$P,Charts!$Q33,Consolidate!$C:$C,Charts!S$12,Consolidate!$F:$F,"საცხოვრებელი") -> 0 | T33: =COUNTIFS(SALES!$P:$P,Charts!$Q33,SALES!$C:$C,Charts!T$12,SALES!$F:$F,"საცხოვრებელი")+COUNTIFS(Consolidate!$P:$P,Charts!$Q33,Consolidate!$C:$C,Charts!T$12,Consolidate!$F:$F,"საცხოვრებელი") -> 0 | U33: =COUNTIFS(SALES!$P:$P,Charts!$Q33,SALES!$C:$C,Charts!U$12,SALES!$F:$F,"საცხოვრებელი")+COUNTIFS(Consolidate!$P:$P,Charts!$Q33,Consolidate!$C:$C,Charts!U$12,Consolidate!$F:$F,"საცხოვრებელი") -> 1 | V33: =COUNTIFS(SALES!$P:$P,Charts!$Q33,SALES!$C:$C,Charts!V$12,SALES!$F:$F,"საცხოვრებელი")+COUNTIFS(Consolidate!$P:$P,Charts!$Q33,Consolidate!$C:$C,Charts!V$12,Consolidate!$F:$F,"საცხოვრებელი") -> 0
Q34: ნიდერლანდები | R34: =S34+T34 -> 0 | S34: =COUNTIFS(SALES!$P:$P,Charts!$Q34,SALES!$C:$C,Charts!S$12,SALES!$F:$F,"საცხოვრებელი")+COUNTIFS(Consolidate!$P:$P,Charts!$Q34,Consolidate!$C:$C,Charts!S$12,Consolidate!$F:$F,"საცხოვრებელი") -> 0 | T34: =COUNTIFS(SALES!$P:$P,Charts!$Q34,SALES!$C:$C,Charts!T$12,SALES!$F:$F,"საცხოვრებელი")+COUNTIFS(Consolidate!$P:$P,Charts!$Q34,Consolidate!$C:$C,Charts!T$12,Consolidate!$F:$F,"საცხოვრებელი") -> 0 | U34: =COUNTIFS(SALES!$P:$P,Charts!$Q34,SALES!$C:$C,Charts!U$12,SALES!$F:$F,"საცხოვრებელი")+COUNTIFS(Consolidate!$P:$P,Charts!$Q34,Consolidate!$C:$C,Charts!U$12,Consolidate!$F:$F,"საცხოვრებელი") -> 0 | V34: =COUNTIFS(SALES!$P:$P,Charts!$Q34,SALES!$C:$C,Charts!V$12,SALES!$F:$F,"საცხოვრებელი")+COUNTIFS(Consolidate!$P:$P,Charts!$Q34,Consolidate!$C:$C,Charts!V$12,Consolidate!$F:$F,"საცხოვრებელი") -> 1
Q35: ჯამი | R35: =SUM(R13:R34) -> 774 | S35: =SUM(S13:S34) -> 429 | T35: =SUM(T13:T34) -> 345 | U35: =SUM(U13:U34) -> 309 | V35: =SUM(V13:V34) -> 129
Q37: საქართველო | R37: =R13/R35 -> 0.88501292 | S37: =S13/S35 -> 0.90909091 | T37: =T13/T35 -> 0.85507246 | U37: =U13/U35 -> 0.85760518 | V37: =V13/V35 -> 0.78294574
Q38: უკრაინი | R38: =R23/R35 -> 0.007751938 | S38: =S23/S35 -> 0.0023310023 | T38: =T23/T35 -> 0.014492754 | U38: =U23/U35 -> 0.0097087379 | V38: =V23/V35 -> 0.015503876
Q39: რუსეთი | R39: =R14/R35 -> 0.051679587 | S39: =S14/S35 -> 0.048951049 | T39: =T14/T35 -> 0.055072464 | U39: =U14/U35 -> 0.064724919 | V39: =V14/V35 -> 0.15503876
Q40: ისრაელი | R40: =R16/R35 -> 0.0025839793 | S40: =S16/S35 -> 0.0023310023 | T40: =T16/T35 -> 0.0028985507 | U40: =U16/U35 -> 0.012944984 | V40: =V16/V35 -> 0.007751938
Q41: ირანი | R41: =R19/R35 -> 0.014211886 | S41: =S19/S35 -> 0.0046620047 | T41: =T19/T35 -> 0.026086957 | U41: =U19/U35 -> 0.0064724919 | V41: =V19/V35 -> 0
Q42: EU | R42: =(R15+R17+R21+R22+R27+R31+R33+R34)/R35 -> 0.014211886 | S42: =(S15+S17+S21+S22+S27+S31+S33+S34)/S35 -> 0.016317016 | T42: =(T15+T17+T21+T22+T27+T31+T33+T34)/T35 -> 0.011594203 | U42: =(U15+U17+U21+U22+U27+U31+U33+U34)/U35 -> 0.029126214 | V42: =(V15+V17+V21+V22+V27+V31+V33+V34)/V35 -> 0.015503876
Q43: სხვა | R43: =1-SUM(R37:R42) -> 0.024547804 | S43: =1-SUM(S37:S42) -> 0.016317016 | T43: =1-SUM(T37:T42) -> 0.034782609 | U43: =1-SUM(U37:U42) -> 0.019417476 | V43: =1-SUM(V37:V42) -> 0.023255814
Q45: გაყიდვების მაჩვენებლები გაყიდვის ტიპის მიხედვით
Q46: გაყიდვის ტიპი | R46: ჯამი | S46: 2023 | T46: 2024 | U46: 2025 | V46: 2026
Q47: 1 | R47: =SUM(S47:V47) -> 356 | S47: =COUNTIFS(SALES!$C:$C,Charts!S$46,SALES!$R:$R,Charts!$Q47,SALES!$F:$F,"საცხოვრებელი")+COUNTIFS(Consolidate!$C:$C,Charts!S$46,Consolidate!$R:$R,Charts!$Q47,Consolidate!$F:$F,"საცხოვრებელი") -> 0 | T47: =COUNTIFS(SALES!$C:$C,Charts!T$46,SALES!$R:$R,Charts!$Q47,SALES!$F:$F,"საცხოვრებელი")+COUNTIFS(Consolidate!$C:$C,Charts!T$46,Consolidate!$R:$R,Charts!$Q47,Consolidate!$F:$F,"საცხოვრებელი") -> 133 | U47: =COUNTIFS(SALES!$C:$C,Charts!U$46,SALES!$R:$R,Charts!$Q47,SALES!$F:$F,"საცხოვრებელი")+COUNTIFS(Consolidate!$C:$C,Charts!U$46,Consolidate!$R:$R,Charts!$Q47,Consolidate!$F:$F,"საცხოვრებელი") -> 172 | V47: =COUNTIFS(SALES!$C:$C,Charts!V$46,SALES!$R:$R,Charts!$Q47,SALES!$F:$F,"საცხოვრებელი")+COUNTIFS(Consolidate!$C:$C,Charts!V$46,Consolidate!$R:$R,Charts!$Q47,Consolidate!$F:$F,"საცხოვრებელი") -> 51
Q48: შიდა განვადება | R48: =SUM(S48:V48) -> 283 | S48: =COUNTIFS(SALES!$C:$C,Charts!S$46,SALES!$R:$R,Charts!$Q48,SALES!$F:$F,"საცხოვრებელი")+COUNTIFS(Consolidate!$C:$C,Charts!S$46,Consolidate!$R:$R,Charts!$Q48,Consolidate!$F:$F,"საცხოვრებელი") -> 0 | T48: =COUNTIFS(SALES!$C:$C,Charts!T$46,SALES!$R:$R,Charts!$Q48,SALES!$F:$F,"საცხოვრებელი")+COUNTIFS(Consolidate!$C:$C,Charts!T$46,Consolidate!$R:$R,Charts!$Q48,Consolidate!$F:$F,"საცხოვრებელი") -> 134 | U48: =COUNTIFS(SALES!$C:$C,Charts!U$46,SALES!$R:$R,Charts!$Q48,SALES!$F:$F,"საცხოვრებელი")+COUNTIFS(Consolidate!$C:$C,Charts!U$46,Consolidate!$R:$R,Charts!$Q48,Consolidate!$F:$F,"საცხოვრებელი") -> 96 | V48: =COUNTIFS(SALES!$C:$C,Charts!V$46,SALES!$R:$R,Charts!$Q48,SALES!$F:$F,"საცხოვრებელი")+COUNTIFS(Consolidate!$C:$C,Charts!V$46,Consolidate!$R:$R,Charts!$Q48,Consolidate!$F:$F,"საცხოვრებელი") -> 53
Q49: ბანკი | R49: =SUM(S49:V49) -> 95 | S49: =COUNTIFS(SALES!$C:$C,Charts!S$46,SALES!$R:$R,Charts!$Q49,SALES!$F:$F,"საცხოვრებელი")+COUNTIFS(Consolidate!$C:$C,Charts!S$46,Consolidate!$R:$R,Charts!$Q49,Consolidate!$F:$F,"საცხოვრებელი") -> 0 | T49: =COUNTIFS(SALES!$C:$C,Charts!T$46,SALES!$R:$R,Charts!$Q49,SALES!$F:$F,"საცხოვრებელი")+COUNTIFS(Consolidate!$C:$C,Charts!T$46,Consolidate!$R:$R,Charts!$Q49,Consolidate!$F:$F,"საცხოვრებელი") -> 22 | U49: =COUNTIFS(SALES!$C:$C,Charts!U$46,SALES!$R:$R,Charts!$Q49,SALES!$F:$F,"საცხოვრებელი")+COUNTIFS(Consolidate!$C:$C,Charts!U$46,Consolidate!$R:$R,Charts!$Q49,Consolidate!$F:$F,"საცხოვრებელი") -> 44 | V49: =COUNTIFS(SALES!$C:$C,Charts!V$46,SALES!$R:$R,Charts!$Q49,SALES!$F:$F,"საცხოვრებელი")+COUNTIFS(Consolidate!$C:$C,Charts!V$46,Consolidate!$R:$R,Charts!$Q49,Consolidate!$F:$F,"საცხოვრებელი") -> 29
Q50: TBC | R50: =SUM(S50:V50) -> 8 | S50: =COUNTIFS(SALES!$C:$C,Charts!S$46,SALES!$S:$S,Charts!$Q50,SALES!$F:$F,"საცხოვრებელი")+COUNTIFS(Consolidate!$C:$C,Charts!S$46,Consolidate!$S:$S,Charts!$Q50,Consolidate!$F:$F,"საცხოვრებელი") -> 0 | T50: =COUNTIFS(SALES!$C:$C,Charts!T$46,SALES!$S:$S,Charts!$Q50,SALES!$F:$F,"საცხოვრებელი")+COUNTIFS(Consolidate!$C:$C,Charts!T$46,Consolidate!$S:$S,Charts!$Q50,Consolidate!$F:$F,"საცხოვრებელი") -> 0 | U50: =COUNTIFS(SALES!$C:$C,Charts!U$46,SALES!$S:$S,Charts!$Q50,SALES!$F:$F,"საცხოვრებელი")+COUNTIFS(Consolidate!$C:$C,Charts!U$46,Consolidate!$S:$S,Charts!$Q50,Consolidate!$F:$F,"საცხოვრებელი") -> 0 | V50: =COUNTIFS(SALES!$C:$C,Charts!V$46,SALES!$S:$S,Charts!$Q50,SALES!$F:$F,"საცხოვრებელი")+COUNTIFS(Consolidate!$C:$C,Charts!V$46,Consolidate!$S:$S,Charts!$Q50,Consolidate!$F:$F,"საცხოვრებელი") -> 8
Q51: BOG | R51: =SUM(S51:V51) -> 17 | S51: =COUNTIFS(SALES!$C:$C,Charts!S$46,SALES!$S:$S,Charts!$Q51,SALES!$F:$F,"საცხოვრებელი")+COUNTIFS(Consolidate!$C:$C,Charts!S$46,Consolidate!$S:$S,Charts!$Q51,Consolidate!$F:$F,"საცხოვრებელი") -> 0 | T51: =COUNTIFS(SALES!$C:$C,Charts!T$46,SALES!$S:$S,Charts!$Q51,SALES!$F:$F,"საცხოვრებელი")+COUNTIFS(Consolidate!$C:$C,Charts!T$46,Consolidate!$S:$S,Charts!$Q51,Consolidate!$F:$F,"საცხოვრებელი") -> 0 | U51: =COUNTIFS(SALES!$C:$C,Charts!U$46,SALES!$S:$S,Charts!$Q51,SALES!$F:$F,"საცხოვრებელი")+COUNTIFS(Consolidate!$C:$C,Charts!U$46,Consolidate!$S:$S,Charts!$Q51,Consolidate!$F:$F,"საცხოვრებელი") -> 0 | V51: =COUNTIFS(SALES!$C:$C,Charts!V$46,SALES!$S:$S,Charts!$Q51,SALES!$F:$F,"საცხოვრებელი")+COUNTIFS(Consolidate!$C:$C,Charts!V$46,Consolidate!$S:$S,Charts!$Q51,Consolidate!$F:$F,"საცხოვრებელი") -> 17
Q52: cancelled | R52: =SUM(S52:V52) -> 9 | S52: =COUNTIFS(SALES!$C:$C,Charts!S$46,SALES!$R:$R,Charts!$Q52,SALES!$F:$F,"საცხოვრებელი")+COUNTIFS(Consolidate!$C:$C,Charts!S$46,Consolidate!$R:$R,Charts!$Q52,Consolidate!$F:$F,"საცხოვრებელი") -> 0 | T52: =COUNTIFS(SALES!$C:$C,Charts!T$46,SALES!$R:$R,Charts!$Q52,SALES!$F:$F,"საცხოვრებელი")+COUNTIFS(Consolidate!$C:$C,Charts!T$46,Consolidate!$R:$R,Charts!$Q52,Consolidate!$F:$F,"საცხოვრებელი") -> 3 | U52: =COUNTIFS(SALES!$C:$C,Charts!U$46,SALES!$R:$R,Charts!$Q52,SALES!$F:$F,"საცხოვრებელი")+COUNTIFS(Consolidate!$C:$C,Charts!U$46,Consolidate!$R:$R,Charts!$Q52,Consolidate!$F:$F,"საცხოვრებელი") -> 5 | V52: =COUNTIFS(SALES!$C:$C,Charts!V$46,SALES!$R:$R,Charts!$Q52,SALES!$F:$F,"საცხოვრებელი")+COUNTIFS(Consolidate!$C:$C,Charts!V$46,Consolidate!$R:$R,Charts!$Q52,Consolidate!$F:$F,"საცხოვრებელი") -> 1
Q53: ჯამი | R53: =SUM(R47:R49)+SUM(R52) -> 743 | S53: =SUM(S47:S49)+SUM(S52) -> 0 | T53: =SUM(T47:T49)+SUM(T52) -> 292 | U53: =SUM(U47:U49)+SUM(U52) -> 317 | V53: =SUM(V47:V49)+SUM(V52) -> 134
Q55: გაყიდვის ტიპი | R55: ჯამი | S55: 2023 | T55: 2024 | U55: 2025 | V55: 2026
Q56: =Q47 -> 1 | R56: =IFERROR(R47/R$53,0) -> 0.47913863 | S56: =IFERROR(S47/S$53,0) -> 0 | T56: =IFERROR(T47/T$53,0) -> 0.45547945 | U56: =IFERROR(U47/U$53,0) -> 0.54258675 | V56: =IFERROR(V47/V$53,0) -> 0.38059701
Q57: =Q48 -> შიდა განვადება | R57: =IFERROR(R48/R$53,0) -> 0.38088829 | S57: =IFERROR(S48/S$53,0) -> 0 | T57: =IFERROR(T48/T$53,0) -> 0.45890411 | U57: =IFERROR(U48/U$53,0) -> 0.30283912 | V57: =IFERROR(V48/V$53,0) -> 0.39552239
Q58: =Q49 -> ბანკი | R58: =IFERROR(R49/R$53,0) -> 0.12786003 | S58: =IFERROR(S49/S$53,0) -> 0 | T58: =IFERROR(T49/T$53,0) -> 0.075342466 | U58: =IFERROR(U49/U$53,0) -> 0.13880126 | V58: =IFERROR(V49/V$53,0) -> 0.21641791
Q59: =Q50 -> TBC | R59: =IFERROR(R50/R$49,0) -> 0.084210526 | S59: =IFERROR(S50/S$49,0) -> 0 | T59: =IFERROR(T50/T$49,0) -> 0 | U59: =IFERROR(U50/U$49,0) -> 0 | V59: =IFERROR(V50/V$49,0) -> 0.27586207
Q60: =Q51 -> BOG | R60: =IFERROR(R51/R$49,0) -> 0.17894737 | S60: =IFERROR(S51/S$49,0) -> 0 | T60: =IFERROR(T51/T$49,0) -> 0 | U60: =IFERROR(U51/U$49,0) -> 0 | V60: =IFERROR(V51/V$49,0) -> 0.5862069
Q61: =Q52 -> cancelled | R61: =IFERROR(R52/R$53,0) -> 0.012113055 | S61: =IFERROR(S52/S$53,0) -> 0 | T61: =IFERROR(T52/T$53,0) -> 0.010273973 | U61: =IFERROR(U52/U$53,0) -> 0.015772871 | V61: =IFERROR(V52/V$53,0) -> 0.0074626866
Q65: ცვლილება ბოლო 1 წელში | R65: ცვლილება 2026 წელში | S65: ცვლილება 2025 წელში
C66: =EOMONTH(D66,-1) -> 45777 | D66: =EOMONTH(E66,-1) -> 45808 | E66: =EOMONTH(F66,-1) -> 45838 | F66: =EOMONTH(G66,-1) -> 45869 | G66: =EOMONTH(H66,-1) -> 45900 | H66: =EOMONTH(I66,-1) -> 45930 | I66: =EOMONTH(J66,-1) -> 45961 | J66: =EOMONTH(K66,-1) -> 45991 | ... N66: =EOMONTH(O66,-1) -> 46112 | O66: =B1 -> 46142
B67: უნივერსიტეტი | C67: =IF(SUMIFS(REPORT!$147:$147,REPORT!$1:$1,Charts!C$66)=0,SUMIFS(REPORT!$147:$147,REPORT!$1:$1,EOMONTH(Charts!C$66,-1)),SUMIFS(REPORT!$147:$147,REPORT!$1:$1,Charts!C$66)) -> 1645.0408 | D67: =IF(SUMIFS(REPORT!$147:$147,REPORT!$1:$1,Charts!D$66)=0,SUMIFS(REPORT!$147:$147,REPORT!$1:$1,EOMONTH(Charts!D$66,-1)),SUMIFS(REPORT!$147:$147,REPORT!$1:$1,Charts!D$66)) -> 1675.2812 | E67: =IF(SUMIFS(REPORT!$147:$147,REPORT!$1:$1,Charts!E$66)=0,SUMIFS(REPORT!$147:$147,REPORT!$1:$1,EOMONTH(Charts!E$66,-1)),SUMIFS(REPORT!$147:$147,REPORT!$1:$1,Charts!E$66)) -> 1752.5914 | F67: =IF(SUMIFS(REPORT!$147:$147,REPORT!$1:$1,Charts!F$66)=0,SUMIFS(REPORT!$147:$147,REPORT!$1:$1,EOMONTH(Charts!F$66,-1)),SUMIFS(REPORT!$147:$147,REPORT!$1:$1,Charts!F$66)) -> 1792.6547 | G67: =IF(SUMIFS(REPORT!$147:$147,REPORT!$1:$1,Charts!G$66)=0,SUMIFS(REPORT!$147:$147,REPORT!$1:$1,EOMONTH(Charts!G$66,-1)),SUMIFS(REPORT!$147:$147,REPORT!$1:$1,Charts!G$66)) -> 2010.1413 | H67: =IF(SUMIFS(REPORT!$147:$147,REPORT!$1:$1,Charts!H$66)=0,SUMIFS(REPORT!$147:$147,REPORT!$1:$1,EOMONTH(Charts!H$66,-1)),SUMIFS(REPORT!$147:$147,REPORT!$1:$1,Charts!H$66)) -> 1812.1789 | I67: =IF(SUMIFS(REPORT!$147:$147,REPORT!$1:$1,Charts!I$66)=0,SUMIFS(REPORT!$147:$147,REPORT!$1:$1,EOMONTH(Charts!I$66,-1)),SUMIFS(REPORT!$147:$147,REPORT!$1:$1,Charts!I$66)) -> 1792.8825 | J67: =IF(SUMIFS(REPORT!$147:$147,REPORT!$1:$1,Charts!J$66)=0,SUMIFS(REPORT!$147:$147,REPORT!$1:$1,EOMONTH(Charts!J$66,-1)),SUMIFS(REPORT!$147:$147,REPORT!$1:$1,Charts!J$66)) -> 1931.9349 | ... O67: =IF(SUMIFS(REPORT!$147:$147,REPORT!$1:$1,Charts!O$66)=0,SUMIFS(REPORT!$147:$147,REPORT!$1:$1,EOMONTH(Charts!O$66,-1)),SUMIFS(REPORT!$147:$147,REPORT!$1:$1,Charts!O$66)) -> 1896.0125 | Q67: =IFERROR((O67-C67)/C67,0) -> 0.15256263 | R67: =IFERROR((O67-M67)/M67,0) -> -0.043002096 | S67: =IFERROR((REPORT!BY147-REPORT!BM147)/REPORT!BM147,0) -> 0.117651
B68: ლისი | C68: =SUMIFS(REPORT!$141:$141,REPORT!$1:$1,Charts!C$66) -> 1474.3966 | D68: =IF(SUMIFS(REPORT!$141:$141,REPORT!$1:$1,Charts!D$66)=0,SUMIFS(REPORT!$141:$141,REPORT!$1:$1,Charts!D$66),SUMIFS(REPORT!$141:$141,REPORT!$1:$1,Charts!D$66)) -> 1454.7851 | E68: =IF(SUMIFS(REPORT!$141:$141,REPORT!$1:$1,Charts!E$66)=0,SUMIFS(REPORT!$141:$141,REPORT!$1:$1,Charts!E$66),SUMIFS(REPORT!$141:$141,REPORT!$1:$1,Charts!E$66)) -> 1491.6258 | F68: =IF(SUMIFS(REPORT!$141:$141,REPORT!$1:$1,Charts!F$66)=0,SUMIFS(REPORT!$141:$141,REPORT!$1:$1,Charts!F$66),SUMIFS(REPORT!$141:$141,REPORT!$1:$1,Charts!F$66)) -> 1518.992 | G68: =IF(SUMIFS(REPORT!$141:$141,REPORT!$1:$1,Charts!G$66)=0,SUMIFS(REPORT!$141:$141,REPORT!$1:$1,Charts!G$66),SUMIFS(REPORT!$141:$141,REPORT!$1:$1,Charts!G$66)) -> 1541.5763 | H68: =IF(SUMIFS(REPORT!$141:$141,REPORT!$1:$1,Charts!H$66)=0,SUMIFS(REPORT!$141:$141,REPORT!$1:$1,Charts!H$66),SUMIFS(REPORT!$141:$141,REPORT!$1:$1,Charts!H$66)) -> 1514.5098 | I68: =IF(SUMIFS(REPORT!$141:$141,REPORT!$1:$1,Charts!I$66)=0,SUMIFS(REPORT!$141:$141,REPORT!$1:$1,Charts!I$66),SUMIFS(REPORT!$141:$141,REPORT!$1:$1,Charts!I$66)) -> 1510.8589 | J68: =IF(SUMIFS(REPORT!$141:$141,REPORT!$1:$1,Charts!J$66)=0,SUMIFS(REPORT!$141:$141,REPORT!$1:$1,Charts!J$66),SUMIFS(REPORT!$141:$141,REPORT!$1:$1,Charts!J$66)) -> 1473.8508 | K68: =IF(SUMIFS(REPORT!$141:$141,REPORT!$1:$1,Charts!K$66)=0,SUMIFS(REPORT!$141:$141,REPORT!$1:$1,Charts!K$66),SUMIFS(REPORT!$141:$141,REPORT!$1:$1,Charts!K$66)) -> 1514.3363 | ... O68: =IF(SUMIFS(REPORT!$141:$141,REPORT!$1:$1,Charts!O$66)=0,SUMIFS(REPORT!$141:$141,REPORT!$1:$1,Charts!O$66),SUMIFS(REPORT!$141:$141,REPORT!$1:$1,Charts!O$66)) -> 1467.2762 | Q68: =IFERROR((O68-C68)/C68,0) -> -0.0048293355 | R68: =IFERROR((O68-M68)/M68,0) -> -0.096593668 | S68: =IFERROR((REPORT!BY141-REPORT!BM141)/REPORT!BM141,0) -> 0.055535298
B69: სამგორი | C69: =SUMIFS(REPORT!$135:$135,REPORT!$1:$1,Charts!C$66) -> 1242.3399 | D69: =IF(SUMIFS(REPORT!$135:$135,REPORT!$1:$1,Charts!D$66)=0,SUMIFS(REPORT!$135:$135,REPORT!$1:$1,Charts!C$66),SUMIFS(REPORT!$135:$135,REPORT!$1:$1,Charts!D$66)) -> 1183.624 | E69: =IF(SUMIFS(REPORT!$135:$135,REPORT!$1:$1,Charts!E$66)=0,SUMIFS(REPORT!$135:$135,REPORT!$1:$1,Charts!D$66),SUMIFS(REPORT!$135:$135,REPORT!$1:$1,Charts!E$66)) -> 1161.4156 | F69: =IF(SUMIFS(REPORT!$135:$135,REPORT!$1:$1,Charts!F$66)=0,SUMIFS(REPORT!$135:$135,REPORT!$1:$1,Charts!E$66),SUMIFS(REPORT!$135:$135,REPORT!$1:$1,Charts!F$66)) -> 1408.6474 | G69: =IF(SUMIFS(REPORT!$135:$135,REPORT!$1:$1,Charts!G$66)=0,SUMIFS(REPORT!$135:$135,REPORT!$1:$1,Charts!F$66),SUMIFS(REPORT!$135:$135,REPORT!$1:$1,Charts!G$66)) -> 1295.2388 | H69: =IF(SUMIFS(REPORT!$135:$135,REPORT!$1:$1,Charts!H$66)=0,SUMIFS(REPORT!$135:$135,REPORT!$1:$1,Charts!G$66),SUMIFS(REPORT!$135:$135,REPORT!$1:$1,Charts!H$66)) -> 1215.5237 | I69: =IF(SUMIFS(REPORT!$135:$135,REPORT!$1:$1,Charts!I$66)=0,SUMIFS(REPORT!$135:$135,REPORT!$1:$1,Charts!H$66),SUMIFS(REPORT!$135:$135,REPORT!$1:$1,Charts!I$66)) -> 1203.3056 | J69: =IF(SUMIFS(REPORT!$135:$135,REPORT!$1:$1,Charts!J$66)=0,SUMIFS(REPORT!$135:$135,REPORT!$1:$1,Charts!I$66),SUMIFS(REPORT!$135:$135,REPORT!$1:$1,Charts!J$66)) -> 1489.6007 | K69: =IF(SUMIFS(REPORT!$135:$135,REPORT!$1:$1,Charts!K$66)=0,SUMIFS(REPORT!$135:$135,REPORT!$1:$1,Charts!J$66),SUMIFS(REPORT!$135:$135,REPORT!$1:$1,Charts!K$66)) -> 1230.4493 | ... O69: =IF(SUMIFS(REPORT!$135:$135,REPORT!$1:$1,Charts!O$66)=0,SUMIFS(REPORT!$135:$135,REPORT!$1:$1,Charts!N$66),SUMIFS(REPORT!$135:$135,REPORT!$1:$1,Charts!O$66)) -> 1209.5943 | Q69: =IFERROR((O69-C69)/C69,0) -> -0.026357991 | R69: =IFERROR((O69-M69)/M69,0) -> -0.1283426 | S69: =IFERROR((REPORT!BY135-REPORT!BM135)/REPORT!BM135,0) -> 0.092938406
B72: =B66 -> 0 | C72: =C66 -> 45777 | D72: =D66 -> 45808 | E72: =E66 -> 45838 | F72: =F66 -> 45869 | G72: =G66 -> 45900 | H72: =H66 -> 45930 | I72: =I66 -> 45961 | ... O72: =O66 -> 46142
B73: =B67 -> უნივერსიტეტი | E73: =E67 -> 1752.5914 | H73: =H67 -> 1812.1789 | K73: =K67 -> 1811.7528 | O73: =O67 -> 1896.0125
B74: =B68 -> ლისი | D74: =D68 -> 1454.7851 | G74: =G68 -> 1541.5763 | J74: =J68 -> 1473.8508 | M74: =M68 -> 1624.1597 | O74: =O68 -> 1467.2762
B75: =B69 -> სამგორი | C75: =C69 -> 1242.3399 | F75: =F69 -> 1408.6474 | I75: =I69 -> 1203.3056 | O75: =O69 -> 1209.5943

Sheet REPORT
A1: 44562 | C1: სულ | D1: 2020 | E1: 2021 | F1: 2022 | G1: 2023 | H1: 2024 | I1: 2025 | J1: 2026 | K1: მიმდინარე ნაშთი | L1: საწყისი ნაშთი | M1: 44074 | N1: 44104 | O1: 44135 | P1: 44165 | Q1: 44196 | R1: 44227 | S1: 44255 | T1: 44286 | U1: 44316 | V1: 44347 | W1: 44377 | X1: 44408 | Y1: 44439 | Z1: 44469 | AA1: 44500 | AB1: 44530 | AC1: 44561 | AD1: 44592 | AE1: 44620 | AF1: 44651 | AG1: 44681 | AH1: 44712 | AI1: 44742 | AJ1: 44773 | AK1: 44804 | AL1: 44834 | AM1: 44865 | AN1: 44895 | AO1: 44926 | AP1: 44957 | AQ1: =EOMONTH(AP1,1) -> 44985 | AR1: =EOMONTH(AQ1,1) -> 45016 | AS1: =EOMONTH(AR1,1) -> 45046 | AT1: =EOMONTH(AS1,1) -> 45077 | AU1: =EOMONTH(AT1,1) -> 45107 | AV1: =EOMONTH(AU1,1) -> 45138 | AW1: =EOMONTH(AV1,1) -> 45169 | AX1: =EOMONTH(AW1,1) -> 45199 | ... CC1: =EOMONTH(CB1,1) -> 46142
A2: Units | B2: Total | C2: =SUM(C3:C7) -> 1595 | G2: =SUM(G3:G7) -> 611 | H2: =SUM(H3:H7) -> 464 | I2: =SUM(I3:I7) -> 520 | J2: =SUM(J3:J7) -> 164 | K2: =SUM(K3:K7) -> 0 | L2: =SUM(L3:L7) -> 0 | M2: =SUM(M3:M7) -> 9 | N2: =SUM(N3:N7) -> 1 | ... CC2: =SUM(CC3:CC7) -> 41
A3: Units | B3: საცხოვრებელი | C3: =G3+H3+I3 -> 1094 | D3: =SUM(AM3:AX3) -> 419 | E3: =SUM(AN3:AY3) -> 443 | F3: =SUM(AO3:AZ3) -> 438 | G3: =SUM(AP3:BA3) -> 437 | H3: =SUM(BB3:BM3) -> 345 | I3: =SUM(BN3:BY3) -> 312 | J3: =SUM(BZ3:CK3) -> 133 | M3: =M33+M39+M45+M51+M57 -> 9 | N3: =N33+N39+N45+N51+N57 -> 1 | O3: =O33+O39+O45+O51+O57 -> 3 | P3: =P33+P39+P45+P51+P57 -> 2 | Q3: =Q33+Q39+Q45+Q51+Q57 -> 20 | R3: =R33+R39+R45+R51+R57 -> 6 | S3: =S33+S39+S45+S51+S57 -> 11 | T3: =T33+T39+T45+T51+T57 -> 4 | ... CC3: =CC33+CC39+CC45+CC51+CC57 -> 37
A4: Units | B4: კომერციული | C4: =G4+H4+I4 -> 48 | D4: =SUM(AM4:AX4) -> 2 | E4: =SUM(AN4:AY4) -> 2 | F4: =SUM(AO4:AZ4) -> 2 | G4: =SUM(AP4:BA4) -> 3 | H4: =SUM(BB4:BM4) -> 21 | I4: =SUM(BN4:BY4) -> 24 | J4: =SUM(BZ4:CK4) -> 6 | M4: =M34+M40+M46+M52+M58 -> 0 | N4: =N34+N40+N46+N52+N58 -> 0 | O4: =O34+O40+O46+O52+O58 -> 0 | P4: =P34+P40+P46+P52+P58 -> 0 | Q4: =Q34+Q40+Q46+Q52+Q58 -> 0 | R4: =R34+R40+R46+R52+R58 -> 0 | S4: =S34+S40+S46+S52+S58 -> 0 | T4: =T34+T40+T46+T52+T58 -> 0 | ... CC4: =CC34+CC40+CC46+CC52+CC58 -> 2
A5: Units | B5: ღია ავტოსადგომი | C5: =G5+H5+I5 -> 400 | D5: =SUM(AM5:AX5) -> 151 | E5: =SUM(AN5:AY5) -> 153 | F5: =SUM(AO5:AZ5) -> 158 | G5: =SUM(AP5:BA5) -> 144 | H5: =SUM(BB5:BM5) -> 84 | I5: =SUM(BN5:BY5) -> 172 | J5: =SUM(BZ5:CK5) -> 21 | M5: =M35+M41+M47+M53+M59 -> 0 | N5: =N35+N41+N47+N53+N59 -> 0 | O5: =O35+O41+O47+O53+O59 -> 0 | P5: =P35+P41+P47+P53+P59 -> 0 | Q5: =Q35+Q41+Q47+Q53+Q59 -> 0 | R5: =R35+R41+R47+R53+R59 -> 0 | S5: =S35+S41+S47+S53+S59 -> 0 | T5: =T35+T41+T47+T53+T59 -> 0 | ... CC5: =CC35+CC41+CC47+CC53+CC59 -> 2
A6: Units | B6: დახურული ავტოსადგომი | C6: =G6+H6+I6 -> 17 | D6: =SUM(AM6:AX6) -> 17 | E6: =SUM(AN6:AY6) -> 17 | F6: =SUM(AO6:AZ6) -> 17 | G6: =SUM(AP6:BA6) -> 17 | H6: =SUM(BB6:BM6) -> 0 | I6: =SUM(BN6:BY6) -> 0 | J6: =SUM(BZ6:CK6) -> 0 | M6: =M36+M42+M48+M54+M60 -> 0 | N6: =N36+N42+N48+N54+N60 -> 0 | O6: =O36+O42+O48+O54+O60 -> 0 | P6: =P36+P42+P48+P54+P60 -> 0 | Q6: =Q36+Q42+Q48+Q54+Q60 -> 0 | R6: =R36+R42+R48+R54+R60 -> 0 | S6: =S36+S42+S48+S54+S60 -> 0 | T6: =T36+T42+T48+T54+T60 -> 0 | ... CC6: =CC36+CC42+CC48+CC54+CC60 -> 0
A7: Units | B7: სარდაფი | C7: =G7+H7+I7 -> 36 | D7: =SUM(AM7:AX7) -> 2 | E7: =SUM(AN7:AY7) -> 2 | F7: =SUM(AO7:AZ7) -> 2 | G7: =SUM(AP7:BA7) -> 10 | H7: =SUM(BB7:BM7) -> 14 | I7: =SUM(BN7:BY7) -> 12 | J7: =SUM(BZ7:CK7) -> 4 | M7: =M37+M43+M49+M55+M61 -> 0 | N7: =N37+N43+N49+N55+N61 -> 0 | O7: =O37+O43+O49+O55+O61 -> 0 | P7: =P37+P43+P49+P55+P61 -> 0 | Q7: =Q37+Q43+Q49+Q55+Q61 -> 0 | R7: =R37+R43+R49+R55+R61 -> 0 | S7: =S37+S43+S49+S55+S61 -> 0 | T7: =T37+T43+T49+T55+T61 -> 0 | ... CC7: =CC37+CC43+CC49+CC55+CC61 -> 0
A8: M2 | B8: Total | C8: =SUM(C9:C13) -> 77662.85 | D8: =SUM(D9:D13) -> 27626.1 | E8: =SUM(E9:E13) -> 29016.85 | F8: =SUM(F9:F13) -> 28964.35 | G8: =SUM(G9:G13) -> 28832.65 | H8: =SUM(H9:H13) -> 23633.5 | I8: =SUM(I9:I13) -> 25196.7 | J8: =SUM(J9:J13) -> 8785 | ... CC8: =SUM(CC9:CC13) -> 2522.4
A9: M2 | B9: საცხოვრებელი | C9: =G9+H9+I9 -> 66387.7 | D9: =SUM(AM9:AX9) -> 24906.3 | E9: =SUM(AN9:AY9) -> 26269.6 | F9: =SUM(AO9:AZ9) -> 26148.6 | G9: =SUM(AP9:BA9) -> 25955.1 | H9: =SUM(BB9:BM9) -> 20368.7 | I9: =SUM(BN9:BY9) -> 20063.9 | J9: =SUM(BZ9:CK9) -> 7916.8 | M9: =M63+M69+M75+M81+M87 -> 487.7 | N9: =N63+N69+N75+N81+N87 -> 40.6 | O9: =O63+O69+O75+O81+O87 -> 125 | P9: =P63+P69+P75+P81+P87 -> 100.7 | Q9: =Q63+Q69+Q75+Q81+Q87 -> 940.1 | R9: =R63+R69+R75+R81+R87 -> 270.7 | S9: =S63+S69+S75+S81+S87 -> 614.3 | T9: =T63+T69+T75+T81+T87 -> 188.8 | ... CC9: =CC63+CC69+CC75+CC81+CC87 -> 2308
A10: M2 | B10: კომერციული | C10: =G10+H10+I10 -> 4662.4 | D10: =SUM(AM10:AX10) -> 189.3 | E10: =SUM(AN10:AY10) -> 189.3 | F10: =SUM(AO10:AZ10) -> 189.3 | G10: =SUM(AP10:BA10) -> 288.9 | H10: =SUM(BB10:BM10) -> 1851.3 | I10: =SUM(BN10:BY10) -> 2522.2 | J10: =SUM(BZ10:CK10) -> 545.5 | M10: =M64+M70+M76+M82+M88 -> 0 | N10: =N64+N70+N76+N82+N88 -> 0 | O10: =O64+O70+O76+O82+O88 -> 0 | P10: =P64+P70+P76+P82+P88 -> 0 | Q10: =Q64+Q70+Q76+Q82+Q88 -> 0 | R10: =R64+R70+R76+R82+R88 -> 0 | S10: =S64+S70+S76+S82+S88 -> 0 | T10: =T64+T70+T76+T82+T88 -> 0 | ... CC10: =CC64+CC70+CC76+CC82+CC88 -> 189.4
A11: M2 | B11: ღია ავტოსადგომი | C11: =G11+H11+I11 -> 5750.65 | D11: =SUM(AM11:AX11) -> 2240.3 | E11: =SUM(AN11:AY11) -> 2267.75 | F11: =SUM(AO11:AZ11) -> 2336.25 | G11: =SUM(AP11:BA11) -> 2123.45 | H11: =SUM(BB11:BM11) -> 1162.7 | I11: =SUM(BN11:BY11) -> 2464.5 | J11: =SUM(BZ11:CK11) -> 284.3 | M11: =M65+M71+M77+M83+M89 -> 0 | N11: =N65+N71+N77+N83+N89 -> 0 | O11: =O65+O71+O77+O83+O89 -> 0 | P11: =P65+P71+P77+P83+P89 -> 0 | Q11: =Q65+Q71+Q77+Q83+Q89 -> 0 | R11: =R65+R71+R77+R83+R89 -> 0 | S11: =S65+S71+S77+S83+S89 -> 0 | T11: =T65+T71+T77+T83+T89 -> 0 | ... CC11: =CC65+CC71+CC77+CC83+CC89 -> 25
A12: M2 | B12: დახურული ავტოსადგომი | C12: =G12+H12+I12 -> 264.4 | D12: =SUM(AM12:AX12) -> 264.4 | E12: =SUM(AN12:AY12) -> 264.4 | F12: =SUM(AO12:AZ12) -> 264.4 | G12: =SUM(AP12:BA12) -> 264.4 | H12: =SUM(BB12:BM12) -> 0 | I12: =SUM(BN12:BY12) -> 0 | J12: =SUM(BZ12:CK12) -> 0 | M12: =M66+M72+M78+M84+M90 -> 0 | N12: =N66+N72+N78+N84+N90 -> 0 | O12: =O66+O72+O78+O84+O90 -> 0 | P12: =P66+P72+P78+P84+P90 -> 0 | Q12: =Q66+Q72+Q78+Q84+Q90 -> 0 | R12: =R66+R72+R78+R84+R90 -> 0 | S12: =S66+S72+S78+S84+S90 -> 0 | T12: =T66+T72+T78+T84+T90 -> 0 | ... CC12: =CC66+CC72+CC78+CC84+CC90 -> 0
A13: M2 | B13: სარდაფი | C13: =G13+H13+I13 -> 597.7 | D13: =SUM(AM13:AX13) -> 25.8 | E13: =SUM(AN13:AY13) -> 25.8 | F13: =SUM(AO13:AZ13) -> 25.8 | G13: =SUM(AP13:BA13) -> 200.8 | H13: =SUM(BB13:BM13) -> 250.8 | I13: =SUM(BN13:BY13) -> 146.1 | J13: =SUM(BZ13:CK13) -> 38.4 | M13: =M67+M73+M79+M85+M91 -> 0 | N13: =N67+N73+N79+N85+N91 -> 0 | O13: =O67+O73+O79+O85+O91 -> 0 | P13: =P67+P73+P79+P85+P91 -> 0 | Q13: =Q67+Q73+Q79+Q85+Q91 -> 0 | R13: =R67+R73+R79+R85+R91 -> 0 | S13: =S67+S73+S79+S85+S91 -> 0 | T13: =T67+T73+T79+T85+T91 -> 0 | ... CC13: =CC67+CC73+CC79+CC85+CC91 -> 0
A14: $ | B14: Total | C14: =SUM(C15:C19) -> 98129652 | D14: =SUM(D15:D19) -> 27220060 | E14: =SUM(E15:E19) -> 29237074 | F14: =SUM(F15:F19) -> 30086824 | G14: =SUM(G15:G19) -> 30413378 | H14: =SUM(H15:H19) -> 31091261 | I14: =SUM(I15:I19) -> 36625013 | J14: =SUM(J15:J19) -> 15107511 | ... CC14: =SUM(CC15:CC19) -> 4521271.5
A15: $ | B15: საცხოვრებელი | C15: =G15+H15+I15 -> 86202229 | D15: =SUM(AM15:AX15) -> 26119180 | E15: =SUM(AN15:AY15) -> 28120194 | F15: =SUM(AO15:AZ15) -> 28929444 | G15: =SUM(AP15:BA15) -> 29128160 | H15: =SUM(BB15:BM15) -> 26452376 | I15: =SUM(BN15:BY15) -> 30621693 | J15: =SUM(BZ15:CK15) -> 14060701 | M15: =M93+M99+M105+M111+M117 -> 292760.37 | N15: =N93+N99+N105+N111+N117 -> 24417 | O15: =O93+O99+O105+O111+O117 -> 75401 | P15: =P93+P99+P105+P111+P117 -> 62022 | Q15: =Q93+Q99+Q105+Q111+Q117 -> 554270 | R15: =R93+R99+R105+R111+R117 -> 161414 | S15: =S93+S99+S105+S111+S117 -> 362918 | T15: =T93+T99+T105+T111+T117 -> 121135 | ... CC15: =CC93+CC99+CC105+CC111+CC117 -> 4229926.5
A16: $ | B16: კომერციული | C16: =G16+H16+I16 -> 8833411 | D16: =SUM(AM16:AX16) -> 265020 | E16: =SUM(AN16:AY16) -> 265020 | F16: =SUM(AO16:AZ16) -> 265020 | G16: =SUM(AP16:BA16) -> 374580 | H16: =SUM(BB16:BM16) -> 3887460 | I16: =SUM(BN16:BY16) -> 4571371 | J16: =SUM(BZ16:CK16) -> 844915 | M16: =M94+M100+M106+M112+M118 -> 0 | N16: =N94+N100+N106+N112+N118 -> 0 | O16: =O94+O100+O106+O112+O118 -> 0 | P16: =P94+P100+P106+P112+P118 -> 0 | Q16: =Q94+Q100+Q106+Q112+Q118 -> 0 | R16: =R94+R100+R106+R112+R118 -> 0 | S16: =S94+S100+S106+S112+S118 -> 0 | T16: =T94+T100+T106+T112+T118 -> 0 | ... CC16: =CC94+CC100+CC106+CC112+CC118 -> 271345
A17: $ | B17: ღია ავტოსადგომი | C17: =G17+H17+I17 -> 2725905 | D17: =SUM(AM17:AX17) -> 747250 | E17: =SUM(AN17:AY17) -> 763250 | F17: =SUM(AO17:AZ17) -> 803750 | G17: =SUM(AP17:BA17) -> 759350 | H17: =SUM(BB17:BM17) -> 613390 | I17: =SUM(BN17:BY17) -> 1353165 | J17: =SUM(BZ17:CK17) -> 180000 | M17: =M95+M101+M107+M113+M119 -> 0 | N17: =N95+N101+N107+N113+N119 -> 0 | O17: =O95+O101+O107+O113+O119 -> 0 | P17: =P95+P101+P107+P113+P119 -> 0 | Q17: =Q95+Q101+Q107+Q113+Q119 -> 0 | R17: =R95+R101+R107+R113+R119 -> 0 | S17: =S95+S101+S107+S113+S119 -> 0 | T17: =T95+T101+T107+T113+T119 -> 0 | ... CC17: =CC95+CC101+CC107+CC113+CC119 -> 20000
A18: $ | B18: დახურული ავტოსადგომი | C18: =G18+H18+I18 -> 77000 | D18: =SUM(AM18:AX18) -> 77000 | E18: =SUM(AN18:AY18) -> 77000 | F18: =SUM(AO18:AZ18) -> 77000 | G18: =SUM(AP18:BA18) -> 77000 | H18: =SUM(BB18:BM18) -> 0 | I18: =SUM(BN18:BY18) -> 0 | J18: =SUM(BZ18:CK18) -> 0 | M18: =M96+M102+M108+M114+M120 -> 0 | N18: =N96+N102+N108+N114+N120 -> 0 | O18: =O96+O102+O108+O114+O120 -> 0 | P18: =P96+P102+P108+P114+P120 -> 0 | Q18: =Q96+Q102+Q108+Q114+Q120 -> 0 | R18: =R96+R102+R108+R114+R120 -> 0 | S18: =S96+S102+S108+S114+S120 -> 0 | T18: =T96+T102+T108+T114+T120 -> 0 | ... CC18: =CC96+CC102+CC108+CC114+CC120 -> 0
A19: $ | B19: სარდაფი | C19: =G19+H19+I19 -> 291107 | D19: =SUM(AM19:AX19) -> 11610 | E19: =SUM(AN19:AY19) -> 11610 | F19: =SUM(AO19:AZ19) -> 11610 | G19: =SUM(AP19:BA19) -> 74288 | H19: =SUM(BB19:BM19) -> 138035 | I19: =SUM(BN19:BY19) -> 78784 | J19: =SUM(BZ19:CK19) -> 21895 | M19: =M97+M103+M109+M115+M121 -> 0 | N19: =N97+N103+N109+N115+N121 -> 0 | O19: =O97+O103+O109+O115+O121 -> 0 | P19: =P97+P103+P109+P115+P121 -> 0 | Q19: =Q97+Q103+Q109+Q115+Q121 -> 0 | R19: =R97+R103+R109+R115+R121 -> 0 | S19: =S97+S103+S109+S115+S121 -> 0 | T19: =T97+T103+T109+T115+T121 -> 0 | ... CC19: =CC97+CC103+CC109+CC115+CC121 -> 0
A20: Ave.Price | B20: Total | M20: =SUM(M21:M25) -> 600.28782 | N20: =SUM(N21:N25) -> 601.40394 | O20: =SUM(O21:O25) -> 603.208 | P20: =SUM(P21:P25) -> 615.90864 | Q20: =SUM(Q21:Q25) -> 589.58621 | R20: =SUM(R21:R25) -> 596.28371 | S20: =SUM(S21:S25) -> 590.78301 | T20: =SUM(T21:T25) -> 641.60487 | ... CC20: =SUM(CC21:CC25) -> 13265.38
A21: Ave.Price | B21: საცხოვრებელი | C21: =G21+H21+I21 -> 3951.1416 | D21: =IFERROR(AVERAGEIF(AM21:AX21,">0"),0) -> 1052.4923 | E21: =IFERROR(AVERAGEIF(AN21:AY21,">0"),0) -> 1071.716 | F21: =IFERROR(AVERAGEIF(AO21:AZ21,">0"),0) -> 1101.8356 | G21: =IFERROR(AVERAGEIF(AP21:BA21,">0"),0) -> 1119.7888 | H21: =IFERROR(AVERAGEIF(BB21:BM21,">0"),0) -> 1302.7495 | I21: =IFERROR(AVERAGEIF(BN21:BY21,">0"),0) -> 1528.6032 | J21: =IFERROR(AVERAGEIF(BZ21:CK21,">0"),0) -> 1765.2262 | M21: =IFERROR(M15/M9,0) -> 600.28782 | N21: =IFERROR(N15/N9,0) -> 601.40394 | O21: =IFERROR(O15/O9,0) -> 603.208 | P21: =IFERROR(P15/P9,0) -> 615.90864 | Q21: =IFERROR(Q15/Q9,0) -> 589.58621 | R21: =IFERROR(R15/R9,0) -> 596.28371 | S21: =IFERROR(S15/S9,0) -> 590.78301 | T21: =IFERROR(T15/T9,0) -> 641.60487 | ... CC21: =IFERROR(CC15/CC9,0) -> 1832.7238
A22: Ave.Price | B22: კომერციული | C22: =G22+H22+I22 -> 5139.7655 | D22: =IFERROR(AVERAGEIF(AM22:AX22,">0"),0) -> 1400 | E22: =IFERROR(AVERAGEIF(AN22:AY22,">0"),0) -> 1400 | F22: =IFERROR(AVERAGEIF(AO22:AZ22,">0"),0) -> 1400 | G22: =IFERROR(AVERAGEIF(AP22:BA22,">0"),0) -> 1250 | H22: =IFERROR(AVERAGEIF(BB22:BM22,">0"),0) -> 2070.7612 | I22: =IFERROR(AVERAGEIF(BN22:BY22,">0"),0) -> 1819.0044 | J22: =IFERROR(AVERAGEIF(BZ22:CK22,">0"),0) -> 1568.377 | M22: =IFERROR(M16/M10,0) -> 0 | N22: =IFERROR(N16/N10,0) -> 0 | O22: =IFERROR(O16/O10,0) -> 0 | P22: =IFERROR(P16/P10,0) -> 0 | Q22: =IFERROR(Q16/Q10,0) -> 0 | R22: =IFERROR(R16/R10,0) -> 0 | S22: =IFERROR(S16/S10,0) -> 0 | T22: =IFERROR(T16/T10,0) -> 0 | ... CC22: =IFERROR(CC16/CC10,0) -> 1432.6558
A23: Ave.Price | B23: ღია ავტოსადგომი | C23: =G23+H23+I23 -> 22593.613 | D23: =IFERROR(AVERAGEIF(AM23:AX23,">0"),0) -> 5644.3388 | E23: =IFERROR(AVERAGEIF(AN23:AY23,">0"),0) -> 5858.4898 | F23: =IFERROR(AVERAGEIF(AO23:AZ23,">0"),0) -> 6045.2823 | G23: =IFERROR(AVERAGEIF(AP23:BA23,">0"),0) -> 6306.5417 | H23: =IFERROR(AVERAGEIF(BB23:BM23,">0"),0) -> 8014.2201 | I23: =IFERROR(AVERAGEIF(BN23:BY23,">0"),0) -> 8272.8514 | J23: =IFERROR(AVERAGEIF(BZ23:CK23,">0"),0) -> 9019.8864 | M23: =IFERROR(M17/M5,0) -> 0 | N23: =IFERROR(N17/N5,0) -> 0 | O23: =IFERROR(O17/O5,0) -> 0 | P23: =IFERROR(P17/P5,0) -> 0 | Q23: =IFERROR(Q17/Q5,0) -> 0 | R23: =IFERROR(R17/R5,0) -> 0 | S23: =IFERROR(S17/S5,0) -> 0 | T23: =IFERROR(T17/T5,0) -> 0 | ... CC23: =IFERROR(CC17/CC5,0) -> 10000
A24: Ave.Price | B24: დახურული ავტოსადგომი | C24: =G24+H24+I24 -> 4520.8333 | D24: =IFERROR(AVERAGEIF(AM24:AX24,">0"),0) -> 4520.8333 | E24: =IFERROR(AVERAGEIF(AN24:AY24,">0"),0) -> 4520.8333 | F24: =IFERROR(AVERAGEIF(AO24:AZ24,">0"),0) -> 4520.8333 | G24: =IFERROR(AVERAGEIF(AP24:BA24,">0"),0) -> 4520.8333 | H24: =IFERROR(AVERAGEIF(BB24:BM24,">0"),0) -> 0 | I24: =IFERROR(AVERAGEIF(BN24:BY24,">0"),0) -> 0 | J24: =IFERROR(AVERAGEIF(BZ24:CK24,">0"),0) -> 0 | M24: =IFERROR(M18/M6,0) -> 0 | N24: =IFERROR(N18/N6,0) -> 0 | O24: =IFERROR(O18/O6,0) -> 0 | P24: =IFERROR(P18/P6,0) -> 0 | Q24: =IFERROR(Q18/Q6,0) -> 0 | R24: =IFERROR(R18/R6,0) -> 0 | S24: =IFERROR(S18/S6,0) -> 0 | T24: =IFERROR(T18/T6,0) -> 0 | ... CC24: =IFERROR(CC18/CC6,0) -> 0
A25: Ave.Price | B25: სარდაფი | C25: =G25+H25+I25 -> 1568.7787 | D25: =IFERROR(AVERAGEIF(AM25:AX25,">0"),0) -> 450 | E25: =IFERROR(AVERAGEIF(AN25:AY25,">0"),0) -> 450 | F25: =IFERROR(AVERAGEIF(AO25:AZ25,">0"),0) -> 450 | G25: =IFERROR(AVERAGEIF(AP25:BA25,">0"),0) -> 404.08 | H25: =IFERROR(AVERAGEIF(BB25:BM25,">0"),0) -> 606.1257 | I25: =IFERROR(AVERAGEIF(BN25:BY25,">0"),0) -> 558.57296 | J25: =IFERROR(AVERAGEIF(BZ25:CK25,">0"),0) -> 545.74689 | M25: =IFERROR(M19/M13,0) -> 0 | N25: =IFERROR(N19/N13,0) -> 0 | O25: =IFERROR(O19/O13,0) -> 0 | P25: =IFERROR(P19/P13,0) -> 0 | Q25: =IFERROR(Q19/Q13,0) -> 0 | R25: =IFERROR(R19/R13,0) -> 0 | S25: =IFERROR(S19/S13,0) -> 0 | T25: =IFERROR(T19/T13,0) -> 0 | ... CC25: =IFERROR(CC19/CC13,0) -> 0
A26: Stock | B26: Total | C26: =SUM(C27:C31) -> 2564 | D26: =SUM(D27:D31) -> 61 | E26: =SUM(E27:E31) -> 128 | F26: =SUM(F27:F31) -> 712 | G26: =SUM(G27:G31) -> 628 | H26: =SUM(H27:H31) -> 625 | I26: =SUM(I27:I31) -> 410 | J26: =SUM(J27:J31) -> 151 | ... CC26: =SUM(CC27:CC31) -> 320
A27: Stock | B27: საცხოვრებელი | C27: =D27+E27+F27+G27+H27+I27 -> 1832 | D27: =COUNTIFS(LIST!$F:$F,REPORT!$B27,LIST!$C:$C,REPORT!D$1) -> 57 | E27: =COUNTIFS(LIST!$F:$F,REPORT!$B27,LIST!$C:$C,REPORT!E$1) -> 109 | F27: =COUNTIFS(LIST!$F:$F,REPORT!$B27,LIST!$C:$C,REPORT!F$1) -> 486 | G27: =COUNTIFS(LIST!$F:$F,REPORT!$B27,LIST!$C:$C,REPORT!G$1) -> 478 | H27: =COUNTIFS(LIST!$F:$F,REPORT!$B27,LIST!$C:$C,REPORT!H$1) -> 490 | I27: =COUNTIFS(LIST!$F:$F,REPORT!$B27,LIST!$C:$C,REPORT!I$1) -> 212 | J27: =COUNTIFS(LIST!$F:$F,REPORT!$B27,LIST!$C:$C,REPORT!J$1) -> 144 | K27: {=INDEX(AP27:ABH27,1,COUNTA(AP27:ABH27))} -> 225 | L27: =COUNTIFS(LIST!$F:$F,REPORT!$B27,LIST!$B:$B,"<"&$A$1) -> 166 | M27: =M153+M159+M165+M171+M177 -> 48 | N27: =N153+N159+N165+N171+N177 -> 47 | O27: =O153+O159+O165+O171+O177 -> 44 | P27: =P153+P159+P165+P171+P177 -> 42 | Q27: =Q153+Q159+Q165+Q171+Q177 -> 22 | R27: =R153+R159+R165+R171+R177 -> 16 | S27: =S153+S159+S165+S171+S177 -> 61 | T27: =T153+T159+T165+T171+T177 -> 57 | ... CC27: =CC153+CC159+CC165+CC171+CC177 -> 225
A28: Stock | B28: კომერციული | C28: =D28+E28+F28+G28+H28+I28 -> 52 | D28: =COUNTIFS(LIST!$F:$F,REPORT!$B28,LIST!$C:$C,REPORT!D$1) -> 4 | E28: =COUNTIFS(LIST!$F:$F,REPORT!$B28,LIST!$C:$C,REPORT!E$1) -> 3 | F28: =COUNTIFS(LIST!$F:$F,REPORT!$B28,LIST!$C:$C,REPORT!F$1) -> 12 | G28: =COUNTIFS(LIST!$F:$F,REPORT!$B28,LIST!$C:$C,REPORT!G$1) -> 4 | H28: =COUNTIFS(LIST!$F:$F,REPORT!$B28,LIST!$C:$C,REPORT!H$1) -> 29 | I28: =COUNTIFS(LIST!$F:$F,REPORT!$B28,LIST!$C:$C,REPORT!I$1) -> 0 | J28: =COUNTIFS(LIST!$F:$F,REPORT!$B28,LIST!$C:$C,REPORT!J$1) -> 7 | K28: {=INDEX(AP28:ABH28,1,COUNTA(AP28:ABH28))} -> 5 | L28: =COUNTIFS(LIST!$F:$F,REPORT!$B28,LIST!$B:$B,"<"&$A$1) -> 7 | M28: =M154+M160+M166+M172+M178 -> 4 | N28: =N154+N160+N166+N172+N178 -> 4 | O28: =O154+O160+O166+O172+O178 -> 4 | P28: =P154+P160+P166+P172+P178 -> 4 | Q28: =Q154+Q160+Q166+Q172+Q178 -> 4 | R28: =R154+R160+R166+R172+R178 -> 4 | S28: =S154+S160+S166+S172+S178 -> 7 | T28: =T154+T160+T166+T172+T178 -> 7 | ... CC28: =CC154+CC160+CC166+CC172+CC178 -> 5
A29: Stock | B29: ღია ავტოსადგომი | C29: =D29+E29+F29+G29+H29+I29 -> 554 | D29: =COUNTIFS(LIST!$F:$F,REPORT!$B29,LIST!$C:$C,REPORT!D$1) -> 0 | E29: =COUNTIFS(LIST!$F:$F,REPORT!$B29,LIST!$C:$C,REPORT!E$1) -> 16 | F29: =COUNTIFS(LIST!$F:$F,REPORT!$B29,LIST!$C:$C,REPORT!F$1) -> 168 | G29: =COUNTIFS(LIST!$F:$F,REPORT!$B29,LIST!$C:$C,REPORT!G$1) -> 114 | H29: =COUNTIFS(LIST!$F:$F,REPORT!$B29,LIST!$C:$C,REPORT!H$1) -> 74 | I29: =COUNTIFS(LIST!$F:$F,REPORT!$B29,LIST!$C:$C,REPORT!I$1) -> 182 | J29: =COUNTIFS(LIST!$F:$F,REPORT!$B29,LIST!$C:$C,REPORT!J$1) -> 0 | K29: {=INDEX(AP29:ABH29,1,COUNTA(AP29:ABH29))} -> 67 | L29: =COUNTIFS(LIST!$F:$F,REPORT!$B29,LIST!$B:$B,"<"&$A$1) -> 16 | M29: =M155+M161+M167+M173+M179 -> 0 | N29: =N155+N161+N167+N173+N179 -> 0 | O29: =O155+O161+O167+O173+O179 -> 0 | P29: =P155+P161+P167+P173+P179 -> 0 | Q29: =Q155+Q161+Q167+Q173+Q179 -> 0 | R29: =R155+R161+R167+R173+R179 -> 0 | S29: =S155+S161+S167+S173+S179 -> 0 | T29: =T155+T161+T167+T173+T179 -> 0 | ... CC29: =CC155+CC161+CC167+CC173+CC179 -> 67
A30: Stock | B30: დახურული ავტოსადგომი | C30: =D30+E30+F30+G30+H30+I30 -> 18 | D30: =COUNTIFS(LIST!$F:$F,REPORT!$B30,LIST!$C:$C,REPORT!D$1) -> 0 | E30: =COUNTIFS(LIST!$F:$F,REPORT!$B30,LIST!$C:$C,REPORT!E$1) -> 0 | F30: =COUNTIFS(LIST!$F:$F,REPORT!$B30,LIST!$C:$C,REPORT!F$1) -> 18 | G30: =COUNTIFS(LIST!$F:$F,REPORT!$B30,LIST!$C:$C,REPORT!G$1) -> 0 | H30: =COUNTIFS(LIST!$F:$F,REPORT!$B30,LIST!$C:$C,REPORT!H$1) -> 0 | I30: =COUNTIFS(LIST!$F:$F,REPORT!$B30,LIST!$C:$C,REPORT!I$1) -> 0 | J30: =COUNTIFS(LIST!$F:$F,REPORT!$B30,LIST!$C:$C,REPORT!J$1) -> 0 | K30: {=INDEX(AP30:ABH30,1,COUNTA(AP30:ABH30))} -> -17 | L30: =COUNTIFS(LIST!$F:$F,REPORT!$B30,LIST!$B:$B,"<"&$A$1) -> 0 | M30: =M156+M162+M168+M174+M180 -> 0 | N30: =N156+N162+N168+N174+N180 -> 0 | O30: =O156+O162+O168+O174+O180 -> 0 | P30: =P156+P162+P168+P174+P180 -> 0 | Q30: =Q156+Q162+Q168+Q174+Q180 -> 0 | R30: =R156+R162+R168+R174+R180 -> 0 | S30: =S156+S162+S168+S174+S180 -> 0 | T30: =T156+T162+T168+T174+T180 -> 0 | ... CC30: =CC156+CC162+CC168+CC174+CC180 -> -17
A31: Stock | B31: სარდაფი | C31: =D31+E31+F31+G31+H31+I31 -> 108 | D31: =COUNTIFS(LIST!$F:$F,REPORT!$B31,LIST!$C:$C,REPORT!D$1) -> 0 | E31: =COUNTIFS(LIST!$F:$F,REPORT!$B31,LIST!$C:$C,REPORT!E$1) -> 0 | F31: =COUNTIFS(LIST!$F:$F,REPORT!$B31,LIST!$C:$C,REPORT!F$1) -> 28 | G31: =COUNTIFS(LIST!$F:$F,REPORT!$B31,LIST!$C:$C,REPORT!G$1) -> 32 | H31: =COUNTIFS(LIST!$F:$F,REPORT!$B31,LIST!$C:$C,REPORT!H$1) -> 32 | I31: =COUNTIFS(LIST!$F:$F,REPORT!$B31,LIST!$C:$C,REPORT!I$1) -> 16 | J31: =COUNTIFS(LIST!$F:$F,REPORT!$B31,LIST!$C:$C,REPORT!J$1) -> 0 | K31: {=INDEX(AP31:ABH31,1,COUNTA(AP31:ABH31))} -> 40 | L31: =COUNTIFS(LIST!$F:$F,REPORT!$B31,LIST!$B:$B,"<"&$A$1) -> 0 | M31: =M157+M163+M169+M175+M181 -> 0 | N31: =N157+N163+N169+N175+N181 -> 0 | O31: =O157+O163+O169+O175+O181 -> 0 | P31: =P157+P163+P169+P175+P181 -> 0 | Q31: =Q157+Q163+Q169+Q175+Q181 -> 0 | R31: =R157+R163+R169+R175+R181 -> 0 | S31: =S157+S163+S169+S175+S181 -> 0 | T31: =T157+T163+T169+T175+T181 -> 0 | ... CC31: =CC157+CC163+CC169+CC175+CC181 -> 40
A32: Units | B32: ჯიქია | C32: =SUM(C33:C37) -> 38 | D32: =SUM(D33:D37) -> 0 | E32: =SUM(E33:E37) -> 0 | F32: =SUM(F33:F37) -> 0 | G32: =SUM(G33:G37) -> 2 | H32: =SUM(H33:H37) -> 23 | I32: =SUM(I33:I37) -> 13 | J32: =SUM(J33:J37) -> 4 | ... CC32: =SUM(CC33:CC37) -> 0
A33: Units | B33: საცხოვრებელი | C33: =G33+H33+I33+F33+E33+D33 -> 0 | D33: =SUM(M33:Q33) -> 0 | E33: =SUM(R33:AC33) -> 0 | F33: =SUM(AD33:AO33) -> 0 | G33: =SUM(AP33:BA33) -> 0 | H33: =SUM(BB33:BM33) -> 0 | I33: =SUM(BN33:BY33) -> 0 | J33: =SUM(BZ33:CK33) -> 0 | M33: =COUNTIFS(SALES!$A:$A,REPORT!$B$32,SALES!$F:$F,REPORT!$B33,SALES!$B:$B,REPORT!M$1)+COUNTIFS(Consolidate!$A:$A,REPORT!$B$32,Consolidate!$F:$F,REPORT!$B33,Consolidate!$B:$B,REPORT!M$1) -> 0 | N33: =COUNTIFS(SALES!$A:$A,REPORT!$B$32,SALES!$F:$F,REPORT!$B33,SALES!$B:$B,REPORT!N$1)+COUNTIFS(Consolidate!$A:$A,REPORT!$B$32,Consolidate!$F:$F,REPORT!$B33,Consolidate!$B:$B,REPORT!N$1) -> 0 | O33: =COUNTIFS(SALES!$A:$A,REPORT!$B$32,SALES!$F:$F,REPORT!$B33,SALES!$B:$B,REPORT!O$1)+COUNTIFS(Consolidate!$A:$A,REPORT!$B$32,Consolidate!$F:$F,REPORT!$B33,Consolidate!$B:$B,REPORT!O$1) -> 0 | P33: =COUNTIFS(SALES!$A:$A,REPORT!$B$32,SALES!$F:$F,REPORT!$B33,SALES!$B:$B,REPORT!P$1)+COUNTIFS(Consolidate!$A:$A,REPORT!$B$32,Consolidate!$F:$F,REPORT!$B33,Consolidate!$B:$B,REPORT!P$1) -> 0 | Q33: =COUNTIFS(SALES!$A:$A,REPORT!$B$32,SALES!$F:$F,REPORT!$B33,SALES!$B:$B,REPORT!Q$1)+COUNTIFS(Consolidate!$A:$A,REPORT!$B$32,Consolidate!$F:$F,REPORT!$B33,Consolidate!$B:$B,REPORT!Q$1) -> 0 | R33: =COUNTIFS(SALES!$A:$A,REPORT!$B$32,SALES!$F:$F,REPORT!$B33,SALES!$B:$B,REPORT!R$1)+COUNTIFS(Consolidate!$A:$A,REPORT!$B$32,Consolidate!$F:$F,REPORT!$B33,Consolidate!$B:$B,REPORT!R$1) -> 0 | S33: =COUNTIFS(SALES!$A:$A,REPORT!$B$32,SALES!$F:$F,REPORT!$B33,SALES!$B:$B,REPORT!S$1)+COUNTIFS(Consolidate!$A:$A,REPORT!$B$32,Consolidate!$F:$F,REPORT!$B33,Consolidate!$B:$B,REPORT!S$1) -> 0 | T33: =COUNTIFS(SALES!$A:$A,REPORT!$B$32,SALES!$F:$F,REPORT!$B33,SALES!$B:$B,REPORT!T$1)+COUNTIFS(Consolidate!$A:$A,REPORT!$B$32,Consolidate!$F:$F,REPORT!$B33,Consolidate!$B:$B,REPORT!T$1) -> 0 | ... BF33: =COUNTIFS(SALES!$A:$A,REPORT!$B$32,SALES!$F:$F,REPORT!$B33,SALES!$B:$B,REPORT!BF$1)+COUNTIFS(Consolidate!$A:$A,REPORT!$B$32,Consolidate!$F:$F,REPORT!$B33,Consolidate!$B:$B,REPORT!BF$1) -> 0 | BG33: =COUNTIFS(SALES!$A:$A,REPORT!$B$32,SALES!$F:$F,REPORT!$B33,SALES!$B:$B,REPORT!BG$1)+COUNTIFS(Consolidate!$A:$A,REPORT!$B$32,Consolidate!$F:$F,REPORT!$B33,Consolidate!$B:$B,REPORT!BG$1)-COUNTIFS(SALES!$A:$A,REPORT!$B$32,SALES!$F:$F,REPORT!$B33,SALES!$B:$B,REPORT!BG$1,SALES!$T:$T,"cancelled")*2 -> 0 | BH33: =COUNTIFS(SALES!$A:$A,REPORT!$B$32,SALES!$F:$F,REPORT!$B33,SALES!$B:$B,REPORT!BH$1)+COUNTIFS(Consolidate!$A:$A,REPORT!$B$32,Consolidate!$F:$F,REPORT!$B33,Consolidate!$B:$B,REPORT!BH$1)-COUNTIFS(SALES!$A:$A,REPORT!$B$32,SALES!$F:$F,REPORT!$B33,SALES!$B:$B,REPORT!BH$1,SALES!$T:$T,"cancelled")*2 -> 0 | BI33: =COUNTIFS(SALES!$A:$A,REPORT!$B$32,SALES!$F:$F,REPORT!$B33,SALES!$B:$B,REPORT!BI$1)+COUNTIFS(Consolidate!$A:$A,REPORT!$B$32,Consolidate!$F:$F,REPORT!$B33,Consolidate!$B:$B,REPORT!BI$1)-COUNTIFS(SALES!$A:$A,REPORT!$B$32,SALES!$F:$F,REPORT!$B33,SALES!$B:$B,REPORT!BI$1,SALES!$T:$T,"cancelled")*2 -> 0 | BJ33: =COUNTIFS(SALES!$A:$A,REPORT!$B$32,SALES!$F:$F,REPORT!$B33,SALES!$B:$B,REPORT!BJ$1)+COUNTIFS(Consolidate!$A:$A,REPORT!$B$32,Consolidate!$F:$F,REPORT!$B33,Consolidate!$B:$B,REPORT!BJ$1)-COUNTIFS(SALES!$A:$A,REPORT!$B$32,SALES!$F:$F,REPORT!$B33,SALES!$B:$B,REPORT!BJ$1,SALES!$T:$T,"cancelled")*2 -> 0 | BK33: =COUNTIFS(SALES!$A:$A,REPORT!$B$32,SALES!$F:$F,REPORT!$B33,SALES!$B:$B,REPORT!BK$1)+COUNTIFS(Consolidate!$A:$A,REPORT!$B$32,Consolidate!$F:$F,REPORT!$B33,Consolidate!$B:$B,REPORT!BK$1)-COUNTIFS(SALES!$A:$A,REPORT!$B$32,SALES!$F:$F,REPORT!$B33,SALES!$B:$B,REPORT!BK$1,SALES!$T:$T,"cancelled")*2 -> 0 | BL33: =COUNTIFS(SALES!$A:$A,REPORT!$B$32,SALES!$F:$F,REPORT!$B33,SALES!$B:$B,REPORT!BL$1)+COUNTIFS(Consolidate!$A:$A,REPORT!$B$32,Consolidate!$F:$F,REPORT!$B33,Consolidate!$B:$B,REPORT!BL$1)-COUNTIFS(SALES!$A:$A,REPORT!$B$32,SALES!$F:$F,REPORT!$B33,SALES!$B:$B,REPORT!BL$1,SALES!$T:$T,"cancelled")*2 -> 0 | BM33: =COUNTIFS(SALES!$A:$A,REPORT!$B$32,SALES!$F:$F,REPORT!$B33,SALES!$B:$B,REPORT!BM$1)+COUNTIFS(Consolidate!$A:$A,REPORT!$B$32,Consolidate!$F:$F,REPORT!$B33,Consolidate!$B:$B,REPORT!BM$1)-COUNTIFS(SALES!$A:$A,REPORT!$B$32,SALES!$F:$F,REPORT!$B33,SALES!$B:$B,REPORT!BM$1,SALES!$T:$T,"cancelled")*2 -> 0 | BN33: =COUNTIFS(SALES!$A:$A,REPORT!$B$32,SALES!$F:$F,REPORT!$B33,SALES!$B:$B,REPORT!BN$1)+COUNTIFS(Consolidate!$A:$A,REPORT!$B$32,Consolidate!$F:$F,REPORT!$B33,Consolidate!$B:$B,REPORT!BN$1)-COUNTIFS(SALES!$A:$A,REPORT!$B$32,SALES!$F:$F,REPORT!$B33,SALES!$B:$B,REPORT!BN$1,SALES!$T:$T,"cancelled")*2 -> 0 | ... CC33: =COUNTIFS(SALES!$A:$A,REPORT!$B$32,SALES!$F:$F,REPORT!$B33,SALES!$B:$B,REPORT!CC$1)+COUNTIFS(Consolidate!$A:$A,REPORT!$B$32,Consolidate!$F:$F,REPORT!$B33,Consolidate!$B:$B,REPORT!CC$1)-COUNTIFS(SALES!$A:$A,REPORT!$B$32,SALES!$F:$F,REPORT!$B33,SALES!$B:$B,REPORT!CC$1,SALES!$T:$T,"cancelled")*2 -> 0
A34: Units | B34: კომერციული | C34: =G34+H34+I34+F34+E34+D34 -> 25 | D34: =SUM(M34:Q34) -> 0 | E34: =SUM(R34:AC34) -> 0 | F34: =SUM(AD34:AO34) -> 0 | G34: =SUM(AP34:BA34) -> 0 | H34: =SUM(BB34:BM34) -> 16 | I34: =SUM(BN34:BY34) -> 9 | J34: =SUM(BZ34:CK34) -> 3 | M34: =COUNTIFS(SALES!$A:$A,REPORT!$B$32,SALES!$F:$F,REPORT!$B34,SALES!$B:$B,REPORT!M$1)+COUNTIFS(Consolidate!$A:$A,REPORT!$B$32,Consolidate!$F:$F,REPORT!$B34,Consolidate!$B:$B,REPORT!M$1) -> 0 | N34: =COUNTIFS(SALES!$A:$A,REPORT!$B$32,SALES!$F:$F,REPORT!$B34,SALES!$B:$B,REPORT!N$1)+COUNTIFS(Consolidate!$A:$A,REPORT!$B$32,Consolidate!$F:$F,REPORT!$B34,Consolidate!$B:$B,REPORT!N$1) -> 0 | O34: =COUNTIFS(SALES!$A:$A,REPORT!$B$32,SALES!$F:$F,REPORT!$B34,SALES!$B:$B,REPORT!O$1)+COUNTIFS(Consolidate!$A:$A,REPORT!$B$32,Consolidate!$F:$F,REPORT!$B34,Consolidate!$B:$B,REPORT!O$1) -> 0 | P34: =COUNTIFS(SALES!$A:$A,REPORT!$B$32,SALES!$F:$F,REPORT!$B34,SALES!$B:$B,REPORT!P$1)+COUNTIFS(Consolidate!$A:$A,REPORT!$B$32,Consolidate!$F:$F,REPORT!$B34,Consolidate!$B:$B,REPORT!P$1) -> 0 | Q34: =COUNTIFS(SALES!$A:$A,REPORT!$B$32,SALES!$F:$F,REPORT!$B34,SALES!$B:$B,REPORT!Q$1)+COUNTIFS(Consolidate!$A:$A,REPORT!$B$32,Consolidate!$F:$F,REPORT!$B34,Consolidate!$B:$B,REPORT!Q$1) -> 0 | R34: =COUNTIFS(SALES!$A:$A,REPORT!$B$32,SALES!$F:$F,REPORT!$B34,SALES!$B:$B,REPORT!R$1)+COUNTIFS(Consolidate!$A:$A,REPORT!$B$32,Consolidate!$F:$F,REPORT!$B34,Consolidate!$B:$B,REPORT!R$1) -> 0 | S34: =COUNTIFS(SALES!$A:$A,REPORT!$B$32,SALES!$F:$F,REPORT!$B34,SALES!$B:$B,REPORT!S$1)+COUNTIFS(Consolidate!$A:$A,REPORT!$B$32,Consolidate!$F:$F,REPORT!$B34,Consolidate!$B:$B,REPORT!S$1) -> 0 | T34: =COUNTIFS(SALES!$A:$A,REPORT!$B$32,SALES!$F:$F,REPORT!$B34,SALES!$B:$B,REPORT!T$1)+COUNTIFS(Consolidate!$A:$A,REPORT!$B$32,Consolidate!$F:$F,REPORT!$B34,Consolidate!$B:$B,REPORT!T$1) -> 0 | ... BF34: =COUNTIFS(SALES!$A:$A,REPORT!$B$32,SALES!$F:$F,REPORT!$B34,SALES!$B:$B,REPORT!BF$1)+COUNTIFS(Consolidate!$A:$A,REPORT!$B$32,Consolidate!$F:$F,REPORT!$B34,Consolidate!$B:$B,REPORT!BF$1) -> 3 | BG34: =COUNTIFS(SALES!$A:$A,REPORT!$B$32,SALES!$F:$F,REPORT!$B34,SALES!$B:$B,REPORT!BG$1)+COUNTIFS(Consolidate!$A:$A,REPORT!$B$32,Consolidate!$F:$F,REPORT!$B34,Consolidate!$B:$B,REPORT!BG$1)-COUNTIFS(SALES!$A:$A,REPORT!$B$32,SALES!$F:$F,REPORT!$B34,SALES!$B:$B,REPORT!BG$1,SALES!$T:$T,"cancelled")*2 -> 0 | BH34: =COUNTIFS(SALES!$A:$A,REPORT!$B$32,SALES!$F:$F,REPORT!$B34,SALES!$B:$B,REPORT!BH$1)+COUNTIFS(Consolidate!$A:$A,REPORT!$B$32,Consolidate!$F:$F,REPORT!$B34,Consolidate!$B:$B,REPORT!BH$1)-COUNTIFS(SALES!$A:$A,REPORT!$B$32,SALES!$F:$F,REPORT!$B34,SALES!$B:$B,REPORT!BH$1,SALES!$T:$T,"cancelled")*2 -> 1 | BI34: =COUNTIFS(SALES!$A:$A,REPORT!$B$32,SALES!$F:$F,REPORT!$B34,SALES!$B:$B,REPORT!BI$1)+COUNTIFS(Consolidate!$A:$A,REPORT!$B$32,Consolidate!$F:$F,REPORT!$B34,Consolidate!$B:$B,REPORT!BI$1)-COUNTIFS(SALES!$A:$A,REPORT!$B$32,SALES!$F:$F,REPORT!$B34,SALES!$B:$B,REPORT!BI$1,SALES!$T:$T,"cancelled")*2 -> 2 | BJ34: =COUNTIFS(SALES!$A:$A,REPORT!$B$32,SALES!$F:$F,REPORT!$B34,SALES!$B:$B,REPORT!BJ$1)+COUNTIFS(Consolidate!$A:$A,REPORT!$B$32,Consolidate!$F:$F,REPORT!$B34,Consolidate!$B:$B,REPORT!BJ$1)-COUNTIFS(SALES!$A:$A,REPORT!$B$32,SALES!$F:$F,REPORT!$B34,SALES!$B:$B,REPORT!BJ$1,SALES!$T:$T,"cancelled")*2 -> 5 | BK34: =COUNTIFS(SALES!$A:$A,REPORT!$B$32,SALES!$F:$F,REPORT!$B34,SALES!$B:$B,REPORT!BK$1)+COUNTIFS(Consolidate!$A:$A,REPORT!$B$32,Consolidate!$F:$F,REPORT!$B34,Consolidate!$B:$B,REPORT!BK$1)-COUNTIFS(SALES!$A:$A,REPORT!$B$32,SALES!$F:$F,REPORT!$B34,SALES!$B:$B,REPORT!BK$1,SALES!$T:$T,"cancelled")*2 -> 0 | BL34: =COUNTIFS(SALES!$A:$A,REPORT!$B$32,SALES!$F:$F,REPORT!$B34,SALES!$B:$B,REPORT!BL$1)+COUNTIFS(Consolidate!$A:$A,REPORT!$B$32,Consolidate!$F:$F,REPORT!$B34,Consolidate!$B:$B,REPORT!BL$1)-COUNTIFS(SALES!$A:$A,REPORT!$B$32,SALES!$F:$F,REPORT!$B34,SALES!$B:$B,REPORT!BL$1,SALES!$T:$T,"cancelled")*2 -> 2 | BM34: =COUNTIFS(SALES!$A:$A,REPORT!$B$32,SALES!$F:$F,REPORT!$B34,SALES!$B:$B,REPORT!BM$1)+COUNTIFS(Consolidate!$A:$A,REPORT!$B$32,Consolidate!$F:$F,REPORT!$B34,Consolidate!$B:$B,REPORT!BM$1)-COUNTIFS(SALES!$A:$A,REPORT!$B$32,SALES!$F:$F,REPORT!$B34,SALES!$B:$B,REPORT!BM$1,SALES!$T:$T,"cancelled")*2 -> 3 | BN34: =COUNTIFS(SALES!$A:$A,REPORT!$B$32,SALES!$F:$F,REPORT!$B34,SALES!$B:$B,REPORT!BN$1)+COUNTIFS(Consolidate!$A:$A,REPORT!$B$32,Consolidate!$F:$F,REPORT!$B34,Consolidate!$B:$B,REPORT!BN$1)-COUNTIFS(SALES!$A:$A,REPORT!$B$32,SALES!$F:$F,REPORT!$B34,SALES!$B:$B,REPORT!BN$1,SALES!$T:$T,"cancelled")*2 -> 1 | ... CC34: =COUNTIFS(SALES!$A:$A,REPORT!$B$32,SALES!$F:$F,REPORT!$B34,SALES!$B:$B,REPORT!CC$1)+COUNTIFS(Consolidate!$A:$A,REPORT!$B$32,Consolidate!$F:$F,REPORT!$B34,Consolidate!$B:$B,REPORT!CC$1)-COUNTIFS(SALES!$A:$A,REPORT!$B$32,SALES!$F:$F,REPORT!$B34,SALES!$B:$B,REPORT!CC$1,SALES!$T:$T,"cancelled")*2 -> 0
A35: Units | B35: ღია ავტოსადგომი | C35: =G35+H35+I35+F35+E35+D35 -> 1 | D35: =SUM(M35:Q35) -> 0 | E35: =SUM(R35:AC35) -> 0 | F35: =SUM(AD35:AO35) -> 0 | G35: =SUM(AP35:BA35) -> 0 | H35: =SUM(BB35:BM35) -> 1 | I35: =SUM(BN35:BY35) -> 0 | J35: =SUM(BZ35:CK35) -> 0 | M35: =COUNTIFS(SALES!$A:$A,REPORT!$B$32,SALES!$F:$F,REPORT!$B35,SALES!$B:$B,REPORT!M$1)+COUNTIFS(Consolidate!$A:$A,REPORT!$B$32,Consolidate!$F:$F,REPORT!$B35,Consolidate!$B:$B,REPORT!M$1) -> 0 | N35: =COUNTIFS(SALES!$A:$A,REPORT!$B$32,SALES!$F:$F,REPORT!$B35,SALES!$B:$B,REPORT!N$1)+COUNTIFS(Consolidate!$A:$A,REPORT!$B$32,Consolidate!$F:$F,REPORT!$B35,Consolidate!$B:$B,REPORT!N$1) -> 0 | O35: =COUNTIFS(SALES!$A:$A,REPORT!$B$32,SALES!$F:$F,REPORT!$B35,SALES!$B:$B,REPORT!O$1)+COUNTIFS(Consolidate!$A:$A,REPORT!$B$32,Consolidate!$F:$F,REPORT!$B35,Consolidate!$B:$B,REPORT!O$1) -> 0 | P35: =COUNTIFS(SALES!$A:$A,REPORT!$B$32,SALES!$F:$F,REPORT!$B35,SALES!$B:$B,REPORT!P$1)+COUNTIFS(Consolidate!$A:$A,REPORT!$B$32,Consolidate!$F:$F,REPORT!$B35,Consolidate!$B:$B,REPORT!P$1) -> 0 | Q35: =COUNTIFS(SALES!$A:$A,REPORT!$B$32,SALES!$F:$F,REPORT!$B35,SALES!$B:$B,REPORT!Q$1)+COUNTIFS(Consolidate!$A:$A,REPORT!$B$32,Consolidate!$F:$F,REPORT!$B35,Consolidate!$B:$B,REPORT!Q$1) -> 0 | R35: =COUNTIFS(SALES!$A:$A,REPORT!$B$32,SALES!$F:$F,REPORT!$B35,SALES!$B:$B,REPORT!R$1)+COUNTIFS(Consolidate!$A:$A,REPORT!$B$32,Consolidate!$F:$F,REPORT!$B35,Consolidate!$B:$B,REPORT!R$1) -> 0 | S35: =COUNTIFS(SALES!$A:$A,REPORT!$B$32,SALES!$F:$F,REPORT!$B35,SALES!$B:$B,REPORT!S$1)+COUNTIFS(Consolidate!$A:$A,REPORT!$B$32,Consolidate!$F:$F,REPORT!$B35,Consolidate!$B:$B,REPORT!S$1) -> 0 | T35: =COUNTIFS(SALES!$A:$A,REPORT!$B$32,SALES!$F:$F,REPORT!$B35,SALES!$B:$B,REPORT!T$1)+COUNTIFS(Consolidate!$A:$A,REPORT!$B$32,Consolidate!$F:$F,REPORT!$B35,Consolidate!$B:$B,REPORT!T$1) -> 0 | ... BF35: =COUNTIFS(SALES!$A:$A,REPORT!$B$32,SALES!$F:$F,REPORT!$B35,SALES!$B:$B,REPORT!BF$1)+COUNTIFS(Consolidate!$A:$A,REPORT!$B$32,Consolidate!$F:$F,REPORT!$B35,Consolidate!$B:$B,REPORT!BF$1) -> 0 | BG35: =COUNTIFS(SALES!$A:$A,REPORT!$B$32,SALES!$F:$F,REPORT!$B35,SALES!$B:$B,REPORT!BG$1)+COUNTIFS(Consolidate!$A:$A,REPORT!$B$32,Consolidate!$F:$F,REPORT!$B35,Consolidate!$B:$B,REPORT!BG$1)-COUNTIFS(SALES!$A:$A,REPORT!$B$32,SALES!$F:$F,REPORT!$B35,SALES!$B:$B,REPORT!BG$1,SALES!$T:$T,"cancelled")*2 -> 0 | BH35: =COUNTIFS(SALES!$A:$A,REPORT!$B$32,SALES!$F:$F,REPORT!$B35,SALES!$B:$B,REPORT!BH$1)+COUNTIFS(Consolidate!$A:$A,REPORT!$B$32,Consolidate!$F:$F,REPORT!$B35,Consolidate!$B:$B,REPORT!BH$1)-COUNTIFS(SALES!$A:$A,REPORT!$B$32,SALES!$F:$F,REPORT!$B35,SALES!$B:$B,REPORT!BH$1,SALES!$T:$T,"cancelled")*2 -> 0 | BI35: =COUNTIFS(SALES!$A:$A,REPORT!$B$32,SALES!$F:$F,REPORT!$B35,SALES!$B:$B,REPORT!BI$1)+COUNTIFS(Consolidate!$A:$A,REPORT!$B$32,Consolidate!$F:$F,REPORT!$B35,Consolidate!$B:$B,REPORT!BI$1)-COUNTIFS(SALES!$A:$A,REPORT!$B$32,SALES!$F:$F,REPORT!$B35,SALES!$B:$B,REPORT!BI$1,SALES!$T:$T,"cancelled")*2 -> 0 | BJ35: =COUNTIFS(SALES!$A:$A,REPORT!$B$32,SALES!$F:$F,REPORT!$B35,SALES!$B:$B,REPORT!BJ$1)+COUNTIFS(Consolidate!$A:$A,REPORT!$B$32,Consolidate!$F:$F,REPORT!$B35,Consolidate!$B:$B,REPORT!BJ$1)-COUNTIFS(SALES!$A:$A,REPORT!$B$32,SALES!$F:$F,REPORT!$B35,SALES!$B:$B,REPORT!BJ$1,SALES!$T:$T,"cancelled")*2 -> 0 | BK35: =COUNTIFS(SALES!$A:$A,REPORT!$B$32,SALES!$F:$F,REPORT!$B35,SALES!$B:$B,REPORT!BK$1)+COUNTIFS(Consolidate!$A:$A,REPORT!$B$32,Consolidate!$F:$F,REPORT!$B35,Consolidate!$B:$B,REPORT!BK$1)-COUNTIFS(SALES!$A:$A,REPORT!$B$32,SALES!$F:$F,REPORT!$B35,SALES!$B:$B,REPORT!BK$1,SALES!$T:$T,"cancelled")*2 -> 0 | BL35: =COUNTIFS(SALES!$A:$A,REPORT!$B$32,SALES!$F:$F,REPORT!$B35,SALES!$B:$B,REPORT!BL$1)+COUNTIFS(Consolidate!$A:$A,REPORT!$B$32,Consolidate!$F:$F,REPORT!$B35,Consolidate!$B:$B,REPORT!BL$1)-COUNTIFS(SALES!$A:$A,REPORT!$B$32,SALES!$F:$F,REPORT!$B35,SALES!$B:$B,REPORT!BL$1,SALES!$T:$T,"cancelled")*2 -> 0 | BM35: =COUNTIFS(SALES!$A:$A,REPORT!$B$32,SALES!$F:$F,REPORT!$B35,SALES!$B:$B,REPORT!BM$1)+COUNTIFS(Consolidate!$A:$A,REPORT!$B$32,Consolidate!$F:$F,REPORT!$B35,Consolidate!$B:$B,REPORT!BM$1)-COUNTIFS(SALES!$A:$A,REPORT!$B$32,SALES!$F:$F,REPORT!$B35,SALES!$B:$B,REPORT!BM$1,SALES!$T:$T,"cancelled")*2 -> 0 | BN35: =COUNTIFS(SALES!$A:$A,REPORT!$B$32,SALES!$F:$F,REPORT!$B35,SALES!$B:$B,REPORT!BN$1)+COUNTIFS(Consolidate!$A:$A,REPORT!$B$32,Consolidate!$F:$F,REPORT!$B35,Consolidate!$B:$B,REPORT!BN$1)-COUNTIFS(SALES!$A:$A,REPORT!$B$32,SALES!$F:$F,REPORT!$B35,SALES!$B:$B,REPORT!BN$1,SALES!$T:$T,"cancelled")*2 -> 0 | ... CC35: =COUNTIFS(SALES!$A:$A,REPORT!$B$32,SALES!$F:$F,REPORT!$B35,SALES!$B:$B,REPORT!CC$1)+COUNTIFS(Consolidate!$A:$A,REPORT!$B$32,Consolidate!$F:$F,REPORT!$B35,Consolidate!$B:$B,REPORT!CC$1)-COUNTIFS(SALES!$A:$A,REPORT!$B$32,SALES!$F:$F,REPORT!$B35,SALES!$B:$B,REPORT!CC$1,SALES!$T:$T,"cancelled")*2 -> 0
A36: Units | B36: დახურული ავტოსადგომი | C36: =G36+H36+I36+F36+E36+D36 -> 0 | D36: =SUM(M36:Q36) -> 0 | E36: =SUM(R36:AC36) -> 0 | F36: =SUM(AD36:AO36) -> 0 | G36: =SUM(AP36:BA36) -> 0 | H36: =SUM(BB36:BM36) -> 0 | I36: =SUM(BN36:BY36) -> 0 | J36: =SUM(BZ36:CK36) -> 0 | M36: =COUNTIFS(SALES!$A:$A,REPORT!$B$32,SALES!$F:$F,REPORT!$B36,SALES!$B:$B,REPORT!M$1)+COUNTIFS(Consolidate!$A:$A,REPORT!$B$32,Consolidate!$F:$F,REPORT!$B36,Consolidate!$B:$B,REPORT!M$1) -> 0 | N36: =COUNTIFS(SALES!$A:$A,REPORT!$B$32,SALES!$F:$F,REPORT!$B36,SALES!$B:$B,REPORT!N$1)+COUNTIFS(Consolidate!$A:$A,REPORT!$B$32,Consolidate!$F:$F,REPORT!$B36,Consolidate!$B:$B,REPORT!N$1) -> 0 | O36: =COUNTIFS(SALES!$A:$A,REPORT!$B$32,SALES!$F:$F,REPORT!$B36,SALES!$B:$B,REPORT!O$1)+COUNTIFS(Consolidate!$A:$A,REPORT!$B$32,Consolidate!$F:$F,REPORT!$B36,Consolidate!$B:$B,REPORT!O$1) -> 0 | P36: =COUNTIFS(SALES!$A:$A,REPORT!$B$32,SALES!$F:$F,REPORT!$B36,SALES!$B:$B,REPORT!P$1)+COUNTIFS(Consolidate!$A:$A,REPORT!$B$32,Consolidate!$F:$F,REPORT!$B36,Consolidate!$B:$B,REPORT!P$1) -> 0 | Q36: =COUNTIFS(SALES!$A:$A,REPORT!$B$32,SALES!$F:$F,REPORT!$B36,SALES!$B:$B,REPORT!Q$1)+COUNTIFS(Consolidate!$A:$A,REPORT!$B$32,Consolidate!$F:$F,REPORT!$B36,Consolidate!$B:$B,REPORT!Q$1) -> 0 | R36: =COUNTIFS(SALES!$A:$A,REPORT!$B$32,SALES!$F:$F,REPORT!$B36,SALES!$B:$B,REPORT!R$1)+COUNTIFS(Consolidate!$A:$A,REPORT!$B$32,Consolidate!$F:$F,REPORT!$B36,Consolidate!$B:$B,REPORT!R$1) -> 0 | S36: =COUNTIFS(SALES!$A:$A,REPORT!$B$32,SALES!$F:$F,REPORT!$B36,SALES!$B:$B,REPORT!S$1)+COUNTIFS(Consolidate!$A:$A,REPORT!$B$32,Consolidate!$F:$F,REPORT!$B36,Consolidate!$B:$B,REPORT!S$1) -> 0 | T36: =COUNTIFS(SALES!$A:$A,REPORT!$B$32,SALES!$F:$F,REPORT!$B36,SALES!$B:$B,REPORT!T$1)+COUNTIFS(Consolidate!$A:$A,REPORT!$B$32,Consolidate!$F:$F,REPORT!$B36,Consolidate!$B:$B,REPORT!T$1) -> 0 | ... BF36: =COUNTIFS(SALES!$A:$A,REPORT!$B$32,SALES!$F:$F,REPORT!$B36,SALES!$B:$B,REPORT!BF$1)+COUNTIFS(Consolidate!$A:$A,REPORT!$B$32,Consolidate!$F:$F,REPORT!$B36,Consolidate!$B:$B,REPORT!BF$1) -> 0 | BG36: =COUNTIFS(SALES!$A:$A,REPORT!$B$32,SALES!$F:$F,REPORT!$B36,SALES!$B:$B,REPORT!BG$1)+COUNTIFS(Consolidate!$A:$A,REPORT!$B$32,Consolidate!$F:$F,REPORT!$B36,Consolidate!$B:$B,REPORT!BG$1)-COUNTIFS(SALES!$A:$A,REPORT!$B$32,SALES!$F:$F,REPORT!$B36,SALES!$B:$B,REPORT!BG$1,SALES!$T:$T,"cancelled")*2 -> 0 | BH36: =COUNTIFS(SALES!$A:$A,REPORT!$B$32,SALES!$F:$F,REPORT!$B36,SALES!$B:$B,REPORT!BH$1)+COUNTIFS(Consolidate!$A:$A,REPORT!$B$32,Consolidate!$F:$F,REPORT!$B36,Consolidate!$B:$B,REPORT!BH$1)-COUNTIFS(SALES!$A:$A,REPORT!$B$32,SALES!$F:$F,REPORT!$B36,SALES!$B:$B,REPORT!BH$1,SALES!$T:$T,"cancelled")*2 -> 0 | BI36: =COUNTIFS(SALES!$A:$A,REPORT!$B$32,SALES!$F:$F,REPORT!$B36,SALES!$B:$B,REPORT!BI$1)+COUNTIFS(Consolidate!$A:$A,REPORT!$B$32,Consolidate!$F:$F,REPORT!$B36,Consolidate!$B:$B,REPORT!BI$1)-COUNTIFS(SALES!$A:$A,REPORT!$B$32,SALES!$F:$F,REPORT!$B36,SALES!$B:$B,REPORT!BI$1,SALES!$T:$T,"cancelled")*2 -> 0 | BJ36: =COUNTIFS(SALES!$A:$A,REPORT!$B$32,SALES!$F:$F,REPORT!$B36,SALES!$B:$B,REPORT!BJ$1)+COUNTIFS(Consolidate!$A:$A,REPORT!$B$32,Consolidate!$F:$F,REPORT!$B36,Consolidate!$B:$B,REPORT!BJ$1)-COUNTIFS(SALES!$A:$A,REPORT!$B$32,SALES!$F:$F,REPORT!$B36,SALES!$B:$B,REPORT!BJ$1,SALES!$T:$T,"cancelled")*2 -> 0 | BK36: =COUNTIFS(SALES!$A:$A,REPORT!$B$32,SALES!$F:$F,REPORT!$B36,SALES!$B:$B,REPORT!BK$1)+COUNTIFS(Consolidate!$A:$A,REPORT!$B$32,Consolidate!$F:$F,REPORT!$B36,Consolidate!$B:$B,REPORT!BK$1)-COUNTIFS(SALES!$A:$A,REPORT!$B$32,SALES!$F:$F,REPORT!$B36,SALES!$B:$B,REPORT!BK$1,SALES!$T:$T,"cancelled")*2 -> 0 | BL36: =COUNTIFS(SALES!$A:$A,REPORT!$B$32,SALES!$F:$F,REPORT!$B36,SALES!$B:$B,REPORT!BL$1)+COUNTIFS(Consolidate!$A:$A,REPORT!$B$32,Consolidate!$F:$F,REPORT!$B36,Consolidate!$B:$B,REPORT!BL$1)-COUNTIFS(SALES!$A:$A,REPORT!$B$32,SALES!$F:$F,REPORT!$B36,SALES!$B:$B,REPORT!BL$1,SALES!$T:$T,"cancelled")*2 -> 0 | BM36: =COUNTIFS(SALES!$A:$A,REPORT!$B$32,SALES!$F:$F,REPORT!$B36,SALES!$B:$B,REPORT!BM$1)+COUNTIFS(Consolidate!$A:$A,REPORT!$B$32,Consolidate!$F:$F,REPORT!$B36,Consolidate!$B:$B,REPORT!BM$1)-COUNTIFS(SALES!$A:$A,REPORT!$B$32,SALES!$F:$F,REPORT!$B36,SALES!$B:$B,REPORT!BM$1,SALES!$T:$T,"cancelled")*2 -> 0 | BN36: =COUNTIFS(SALES!$A:$A,REPORT!$B$32,SALES!$F:$F,REPORT!$B36,SALES!$B:$B,REPORT!BN$1)+COUNTIFS(Consolidate!$A:$A,REPORT!$B$32,Consolidate!$F:$F,REPORT!$B36,Consolidate!$B:$B,REPORT!BN$1)-COUNTIFS(SALES!$A:$A,REPORT!$B$32,SALES!$F:$F,REPORT!$B36,SALES!$B:$B,REPORT!BN$1,SALES!$T:$T,"cancelled")*2 -> 0 | ... CC36: =COUNTIFS(SALES!$A:$A,REPORT!$B$32,SALES!$F:$F,REPORT!$B36,SALES!$B:$B,REPORT!CC$1)+COUNTIFS(Consolidate!$A:$A,REPORT!$B$32,Consolidate!$F:$F,REPORT!$B36,Consolidate!$B:$B,REPORT!CC$1)-COUNTIFS(SALES!$A:$A,REPORT!$B$32,SALES!$F:$F,REPORT!$B36,SALES!$B:$B,REPORT!CC$1,SALES!$T:$T,"cancelled")*2 -> 0
A37: Units | B37: სარდაფი | C37: =G37+H37+I37+F37+E37+D37 -> 12 | D37: =SUM(M37:Q37) -> 0 | E37: =SUM(R37:AC37) -> 0 | F37: =SUM(AD37:AO37) -> 0 | G37: =SUM(AP37:BA37) -> 2 | H37: =SUM(BB37:BM37) -> 6 | I37: =SUM(BN37:BY37) -> 4 | J37: =SUM(BZ37:CK37) -> 1 | M37: =COUNTIFS(SALES!$A:$A,REPORT!$B$32,SALES!$F:$F,REPORT!$B37,SALES!$B:$B,REPORT!M$1)+COUNTIFS(Consolidate!$A:$A,REPORT!$B$32,Consolidate!$F:$F,REPORT!$B37,Consolidate!$B:$B,REPORT!M$1) -> 0 | N37: =COUNTIFS(SALES!$A:$A,REPORT!$B$32,SALES!$F:$F,REPORT!$B37,SALES!$B:$B,REPORT!N$1)+COUNTIFS(Consolidate!$A:$A,REPORT!$B$32,Consolidate!$F:$F,REPORT!$B37,Consolidate!$B:$B,REPORT!N$1) -> 0 | O37: =COUNTIFS(SALES!$A:$A,REPORT!$B$32,SALES!$F:$F,REPORT!$B37,SALES!$B:$B,REPORT!O$1)+COUNTIFS(Consolidate!$A:$A,REPORT!$B$32,Consolidate!$F:$F,REPORT!$B37,Consolidate!$B:$B,REPORT!O$1) -> 0 | P37: =COUNTIFS(SALES!$A:$A,REPORT!$B$32,SALES!$F:$F,REPORT!$B37,SALES!$B:$B,REPORT!P$1)+COUNTIFS(Consolidate!$A:$A,REPORT!$B$32,Consolidate!$F:$F,REPORT!$B37,Consolidate!$B:$B,REPORT!P$1) -> 0 | Q37: =COUNTIFS(SALES!$A:$A,REPORT!$B$32,SALES!$F:$F,REPORT!$B37,SALES!$B:$B,REPORT!Q$1)+COUNTIFS(Consolidate!$A:$A,REPORT!$B$32,Consolidate!$F:$F,REPORT!$B37,Consolidate!$B:$B,REPORT!Q$1) -> 0 | R37: =COUNTIFS(SALES!$A:$A,REPORT!$B$32,SALES!$F:$F,REPORT!$B37,SALES!$B:$B,REPORT!R$1)+COUNTIFS(Consolidate!$A:$A,REPORT!$B$32,Consolidate!$F:$F,REPORT!$B37,Consolidate!$B:$B,REPORT!R$1) -> 0 | S37: =COUNTIFS(SALES!$A:$A,REPORT!$B$32,SALES!$F:$F,REPORT!$B37,SALES!$B:$B,REPORT!S$1)+COUNTIFS(Consolidate!$A:$A,REPORT!$B$32,Consolidate!$F:$F,REPORT!$B37,Consolidate!$B:$B,REPORT!S$1) -> 0 | T37: =COUNTIFS(SALES!$A:$A,REPORT!$B$32,SALES!$F:$F,REPORT!$B37,SALES!$B:$B,REPORT!T$1)+COUNTIFS(Consolidate!$A:$A,REPORT!$B$32,Consolidate!$F:$F,REPORT!$B37,Consolidate!$B:$B,REPORT!T$1) -> 0 | ... BF37: =COUNTIFS(SALES!$A:$A,REPORT!$B$32,SALES!$F:$F,REPORT!$B37,SALES!$B:$B,REPORT!BF$1)+COUNTIFS(Consolidate!$A:$A,REPORT!$B$32,Consolidate!$F:$F,REPORT!$B37,Consolidate!$B:$B,REPORT!BF$1) -> 0 | BG37: =COUNTIFS(SALES!$A:$A,REPORT!$B$32,SALES!$F:$F,REPORT!$B37,SALES!$B:$B,REPORT!BG$1)+COUNTIFS(Consolidate!$A:$A,REPORT!$B$32,Consolidate!$F:$F,REPORT!$B37,Consolidate!$B:$B,REPORT!BG$1)-COUNTIFS(SALES!$A:$A,REPORT!$B$32,SALES!$F:$F,REPORT!$B37,SALES!$B:$B,REPORT!BG$1,SALES!$T:$T,"cancelled")*2 -> 0 | BH37: =COUNTIFS(SALES!$A:$A,REPORT!$B$32,SALES!$F:$F,REPORT!$B37,SALES!$B:$B,REPORT!BH$1)+COUNTIFS(Consolidate!$A:$A,REPORT!$B$32,Consolidate!$F:$F,REPORT!$B37,Consolidate!$B:$B,REPORT!BH$1)-COUNTIFS(SALES!$A:$A,REPORT!$B$32,SALES!$F:$F,REPORT!$B37,SALES!$B:$B,REPORT!BH$1,SALES!$T:$T,"cancelled")*2 -> 0 | BI37: =COUNTIFS(SALES!$A:$A,REPORT!$B$32,SALES!$F:$F,REPORT!$B37,SALES!$B:$B,REPORT!BI$1)+COUNTIFS(Consolidate!$A:$A,REPORT!$B$32,Consolidate!$F:$F,REPORT!$B37,Consolidate!$B:$B,REPORT!BI$1)-COUNTIFS(SALES!$A:$A,REPORT!$B$32,SALES!$F:$F,REPORT!$B37,SALES!$B:$B,REPORT!BI$1,SALES!$T:$T,"cancelled")*2 -> 0 | BJ37: =COUNTIFS(SALES!$A:$A,REPORT!$B$32,SALES!$F:$F,REPORT!$B37,SALES!$B:$B,REPORT!BJ$1)+COUNTIFS(Consolidate!$A:$A,REPORT!$B$32,Consolidate!$F:$F,REPORT!$B37,Consolidate!$B:$B,REPORT!BJ$1)-COUNTIFS(SALES!$A:$A,REPORT!$B$32,SALES!$F:$F,REPORT!$B37,SALES!$B:$B,REPORT!BJ$1,SALES!$T:$T,"cancelled")*2 -> 1 | BK37: =COUNTIFS(SALES!$A:$A,REPORT!$B$32,SALES!$F:$F,REPORT!$B37,SALES!$B:$B,REPORT!BK$1)+COUNTIFS(Consolidate!$A:$A,REPORT!$B$32,Consolidate!$F:$F,REPORT!$B37,Consolidate!$B:$B,REPORT!BK$1)-COUNTIFS(SALES!$A:$A,REPORT!$B$32,SALES!$F:$F,REPORT!$B37,SALES!$B:$B,REPORT!BK$1,SALES!$T:$T,"cancelled")*2 -> 0 | BL37: =COUNTIFS(SALES!$A:$A,REPORT!$B$32,SALES!$F:$F,REPORT!$B37,SALES!$B:$B,REPORT!BL$1)+COUNTIFS(Consolidate!$A:$A,REPORT!$B$32,Consolidate!$F:$F,REPORT!$B37,Consolidate!$B:$B,REPORT!BL$1)-COUNTIFS(SALES!$A:$A,REPORT!$B$32,SALES!$F:$F,REPORT!$B37,SALES!$B:$B,REPORT!BL$1,SALES!$T:$T,"cancelled")*2 -> 0 | BM37: =COUNTIFS(SALES!$A:$A,REPORT!$B$32,SALES!$F:$F,REPORT!$B37,SALES!$B:$B,REPORT!BM$1)+COUNTIFS(Consolidate!$A:$A,REPORT!$B$32,Consolidate!$F:$F,REPORT!$B37,Consolidate!$B:$B,REPORT!BM$1)-COUNTIFS(SALES!$A:$A,REPORT!$B$32,SALES!$F:$F,REPORT!$B37,SALES!$B:$B,REPORT!BM$1,SALES!$T:$T,"cancelled")*2 -> 0 | BN37: =COUNTIFS(SALES!$A:$A,REPORT!$B$32,SALES!$F:$F,REPORT!$B37,SALES!$B:$B,REPORT!BN$1)+COUNTIFS(Consolidate!$A:$A,REPORT!$B$32,Consolidate!$F:$F,REPORT!$B37,Consolidate!$B:$B,REPORT!BN$1)-COUNTIFS(SALES!$A:$A,REPORT!$B$32,SALES!$F:$F,REPORT!$B37,SALES!$B:$B,REPORT!BN$1,SALES!$T:$T,"cancelled")*2 -> 2 | ... CC37: =COUNTIFS(SALES!$A:$A,REPORT!$B$32,SALES!$F:$F,REPORT!$B37,SALES!$B:$B,REPORT!CC$1)+COUNTIFS(Consolidate!$A:$A,REPORT!$B$32,Consolidate!$F:$F,REPORT!$B37,Consolidate!$B:$B,REPORT!CC$1)-COUNTIFS(SALES!$A:$A,REPORT!$B$32,SALES!$F:$F,REPORT!$B37,SALES!$B:$B,REPORT!CC$1,SALES!$T:$T,"cancelled")*2 -> 0
A38: Units | B38: კიკვიძე | C38: =SUM(C39:C43) -> 18 | D38: =SUM(D39:D43) -> 0 | E38: =SUM(E39:E43) -> 0 | F38: =SUM(F39:F43) -> 0 | G38: =SUM(G39:G43) -> 18 | H38: =SUM(H39:H43) -> 0 | I38: =SUM(I39:I43) -> 0 | J38: =SUM(J39:J43) -> 0 | ... CC38: =SUM(CC39:CC43) -> 0
A39: Units | B39: საცხოვრებელი | C39: =G39+H39+I39+F39+E39+D39 -> 0 | D39: =SUM(M39:Q39) -> 0 | E39: =SUM(R39:AC39) -> 0 | F39: =SUM(AD39:AO39) -> 0 | G39: =SUM(AP39:BA39) -> 0 | H39: =SUM(BB39:BM39) -> 0 | I39: =SUM(BN39:BY39) -> 0 | J39: =SUM(BZ39:CK39) -> 0 | M39: =COUNTIFS(SALES!$A:$A,REPORT!$B$38,SALES!$F:$F,REPORT!$B39,SALES!$B:$B,REPORT!M$1)+COUNTIFS(Consolidate!$A:$A,REPORT!$B$38,Consolidate!$F:$F,REPORT!$B39,Consolidate!$B:$B,REPORT!M$1) -> 0 | N39: =COUNTIFS(SALES!$A:$A,REPORT!$B$38,SALES!$F:$F,REPORT!$B39,SALES!$B:$B,REPORT!N$1)+COUNTIFS(Consolidate!$A:$A,REPORT!$B$38,Consolidate!$F:$F,REPORT!$B39,Consolidate!$B:$B,REPORT!N$1) -> 0 | O39: =COUNTIFS(SALES!$A:$A,REPORT!$B$38,SALES!$F:$F,REPORT!$B39,SALES!$B:$B,REPORT!O$1)+COUNTIFS(Consolidate!$A:$A,REPORT!$B$38,Consolidate!$F:$F,REPORT!$B39,Consolidate!$B:$B,REPORT!O$1) -> 0 | P39: =COUNTIFS(SALES!$A:$A,REPORT!$B$38,SALES!$F:$F,REPORT!$B39,SALES!$B:$B,REPORT!P$1)+COUNTIFS(Consolidate!$A:$A,REPORT!$B$38,Consolidate!$F:$F,REPORT!$B39,Consolidate!$B:$B,REPORT!P$1) -> 0 | Q39: =COUNTIFS(SALES!$A:$A,REPORT!$B$38,SALES!$F:$F,REPORT!$B39,SALES!$B:$B,REPORT!Q$1)+COUNTIFS(Consolidate!$A:$A,REPORT!$B$38,Consolidate!$F:$F,REPORT!$B39,Consolidate!$B:$B,REPORT!Q$1) -> 0 | R39: =COUNTIFS(SALES!$A:$A,REPORT!$B$38,SALES!$F:$F,REPORT!$B39,SALES!$B:$B,REPORT!R$1)+COUNTIFS(Consolidate!$A:$A,REPORT!$B$38,Consolidate!$F:$F,REPORT!$B39,Consolidate!$B:$B,REPORT!R$1) -> 0 | S39: =COUNTIFS(SALES!$A:$A,REPORT!$B$38,SALES!$F:$F,REPORT!$B39,SALES!$B:$B,REPORT!S$1)+COUNTIFS(Consolidate!$A:$A,REPORT!$B$38,Consolidate!$F:$F,REPORT!$B39,Consolidate!$B:$B,REPORT!S$1) -> 0 | T39: =COUNTIFS(SALES!$A:$A,REPORT!$B$38,SALES!$F:$F,REPORT!$B39,SALES!$B:$B,REPORT!T$1)+COUNTIFS(Consolidate!$A:$A,REPORT!$B$38,Consolidate!$F:$F,REPORT!$B39,Consolidate!$B:$B,REPORT!T$1) -> 0 | ... BF39: =COUNTIFS(SALES!$A:$A,REPORT!$B$38,SALES!$F:$F,REPORT!$B39,SALES!$B:$B,REPORT!BF$1)+COUNTIFS(Consolidate!$A:$A,REPORT!$B$38,Consolidate!$F:$F,REPORT!$B39,Consolidate!$B:$B,REPORT!BF$1) -> 0 | BG39: =COUNTIFS(SALES!$A:$A,REPORT!$B$38,SALES!$F:$F,REPORT!$B39,SALES!$B:$B,REPORT!BG$1)+COUNTIFS(Consolidate!$A:$A,REPORT!$B$38,Consolidate!$F:$F,REPORT!$B39,Consolidate!$B:$B,REPORT!BG$1)-COUNTIFS(SALES!$A:$A,REPORT!$B$38,SALES!$F:$F,REPORT!$B39,SALES!$B:$B,REPORT!BG$1,SALES!$T:$T,"cancelled")*2 -> 0 | BH39: =COUNTIFS(SALES!$A:$A,REPORT!$B$38,SALES!$F:$F,REPORT!$B39,SALES!$B:$B,REPORT!BH$1)+COUNTIFS(Consolidate!$A:$A,REPORT!$B$38,Consolidate!$F:$F,REPORT!$B39,Consolidate!$B:$B,REPORT!BH$1)-COUNTIFS(SALES!$A:$A,REPORT!$B$38,SALES!$F:$F,REPORT!$B39,SALES!$B:$B,REPORT!BH$1,SALES!$T:$T,"cancelled")*2 -> 0 | BI39: =COUNTIFS(SALES!$A:$A,REPORT!$B$38,SALES!$F:$F,REPORT!$B39,SALES!$B:$B,REPORT!BI$1)+COUNTIFS(Consolidate!$A:$A,REPORT!$B$38,Consolidate!$F:$F,REPORT!$B39,Consolidate!$B:$B,REPORT!BI$1)-COUNTIFS(SALES!$A:$A,REPORT!$B$38,SALES!$F:$F,REPORT!$B39,SALES!$B:$B,REPORT!BI$1,SALES!$T:$T,"cancelled")*2 -> 0 | BJ39: =COUNTIFS(SALES!$A:$A,REPORT!$B$38,SALES!$F:$F,REPORT!$B39,SALES!$B:$B,REPORT!BJ$1)+COUNTIFS(Consolidate!$A:$A,REPORT!$B$38,Consolidate!$F:$F,REPORT!$B39,Consolidate!$B:$B,REPORT!BJ$1)-COUNTIFS(SALES!$A:$A,REPORT!$B$38,SALES!$F:$F,REPORT!$B39,SALES!$B:$B,REPORT!BJ$1,SALES!$T:$T,"cancelled")*2 -> 0 | BK39: =COUNTIFS(SALES!$A:$A,REPORT!$B$38,SALES!$F:$F,REPORT!$B39,SALES!$B:$B,REPORT!BK$1)+COUNTIFS(Consolidate!$A:$A,REPORT!$B$38,Consolidate!$F:$F,REPORT!$B39,Consolidate!$B:$B,REPORT!BK$1)-COUNTIFS(SALES!$A:$A,REPORT!$B$38,SALES!$F:$F,REPORT!$B39,SALES!$B:$B,REPORT!BK$1,SALES!$T:$T,"cancelled")*2 -> 0 | BL39: =COUNTIFS(SALES!$A:$A,REPORT!$B$38,SALES!$F:$F,REPORT!$B39,SALES!$B:$B,REPORT!BL$1)+COUNTIFS(Consolidate!$A:$A,REPORT!$B$38,Consolidate!$F:$F,REPORT!$B39,Consolidate!$B:$B,REPORT!BL$1)-COUNTIFS(SALES!$A:$A,REPORT!$B$38,SALES!$F:$F,REPORT!$B39,SALES!$B:$B,REPORT!BL$1,SALES!$T:$T,"cancelled")*2 -> 0 | BM39: =COUNTIFS(SALES!$A:$A,REPORT!$B$38,SALES!$F:$F,REPORT!$B39,SALES!$B:$B,REPORT!BM$1)+COUNTIFS(Consolidate!$A:$A,REPORT!$B$38,Consolidate!$F:$F,REPORT!$B39,Consolidate!$B:$B,REPORT!BM$1)-COUNTIFS(SALES!$A:$A,REPORT!$B$38,SALES!$F:$F,REPORT!$B39,SALES!$B:$B,REPORT!BM$1,SALES!$T:$T,"cancelled")*2 -> 0 | BN39: =COUNTIFS(SALES!$A:$A,REPORT!$B$38,SALES!$F:$F,REPORT!$B39,SALES!$B:$B,REPORT!BN$1)+COUNTIFS(Consolidate!$A:$A,REPORT!$B$38,Consolidate!$F:$F,REPORT!$B39,Consolidate!$B:$B,REPORT!BN$1)-COUNTIFS(SALES!$A:$A,REPORT!$B$38,SALES!$F:$F,REPORT!$B39,SALES!$B:$B,REPORT!BN$1,SALES!$T:$T,"cancelled")*2 -> 0 | ... CC39: =COUNTIFS(SALES!$A:$A,REPORT!$B$38,SALES!$F:$F,REPORT!$B39,SALES!$B:$B,REPORT!CC$1)+COUNTIFS(Consolidate!$A:$A,REPORT!$B$38,Consolidate!$F:$F,REPORT!$B39,Consolidate!$B:$B,REPORT!CC$1)-COUNTIFS(SALES!$A:$A,REPORT!$B$38,SALES!$F:$F,REPORT!$B39,SALES!$B:$B,REPORT!CC$1,SALES!$T:$T,"cancelled")*2 -> 0
A40: Units | B40: კომერციული | C40: =G40+H40+I40+F40+E40+D40 -> 0 | D40: =SUM(M40:Q40) -> 0 | E40: =SUM(R40:AC40) -> 0 | F40: =SUM(AD40:AO40) -> 0 | G40: =SUM(AP40:BA40) -> 0 | H40: =SUM(BB40:BM40) -> 0 | I40: =SUM(BN40:BY40) -> 0 | J40: =SUM(BZ40:CK40) -> 0 | M40: =COUNTIFS(SALES!$A:$A,REPORT!$B$38,SALES!$F:$F,REPORT!$B40,SALES!$B:$B,REPORT!M$1)+COUNTIFS(Consolidate!$A:$A,REPORT!$B$38,Consolidate!$F:$F,REPORT!$B40,Consolidate!$B:$B,REPORT!M$1) -> 0 | N40: =COUNTIFS(SALES!$A:$A,REPORT!$B$38,SALES!$F:$F,REPORT!$B40,SALES!$B:$B,REPORT!N$1)+COUNTIFS(Consolidate!$A:$A,REPORT!$B$38,Consolidate!$F:$F,REPORT!$B40,Consolidate!$B:$B,REPORT!N$1) -> 0 | O40: =COUNTIFS(SALES!$A:$A,REPORT!$B$38,SALES!$F:$F,REPORT!$B40,SALES!$B:$B,REPORT!O$1)+COUNTIFS(Consolidate!$A:$A,REPORT!$B$38,Consolidate!$F:$F,REPORT!$B40,Consolidate!$B:$B,REPORT!O$1) -> 0 | P40: =COUNTIFS(SALES!$A:$A,REPORT!$B$38,SALES!$F:$F,REPORT!$B40,SALES!$B:$B,REPORT!P$1)+COUNTIFS(Consolidate!$A:$A,REPORT!$B$38,Consolidate!$F:$F,REPORT!$B40,Consolidate!$B:$B,REPORT!P$1) -> 0 | Q40: =COUNTIFS(SALES!$A:$A,REPORT!$B$38,SALES!$F:$F,REPORT!$B40,SALES!$B:$B,REPORT!Q$1)+COUNTIFS(Consolidate!$A:$A,REPORT!$B$38,Consolidate!$F:$F,REPORT!$B40,Consolidate!$B:$B,REPORT!Q$1) -> 0 | R40: =COUNTIFS(SALES!$A:$A,REPORT!$B$38,SALES!$F:$F,REPORT!$B40,SALES!$B:$B,REPORT!R$1)+COUNTIFS(Consolidate!$A:$A,REPORT!$B$38,Consolidate!$F:$F,REPORT!$B40,Consolidate!$B:$B,REPORT!R$1) -> 0 | S40: =COUNTIFS(SALES!$A:$A,REPORT!$B$38,SALES!$F:$F,REPORT!$B40,SALES!$B:$B,REPORT!S$1)+COUNTIFS(Consolidate!$A:$A,REPORT!$B$38,Consolidate!$F:$F,REPORT!$B40,Consolidate!$B:$B,REPORT!S$1) -> 0 | T40: =COUNTIFS(SALES!$A:$A,REPORT!$B$38,SALES!$F:$F,REPORT!$B40,SALES!$B:$B,REPORT!T$1)+COUNTIFS(Consolidate!$A:$A,REPORT!$B$38,Consolidate!$F:$F,REPORT!$B40,Consolidate!$B:$B,REPORT!T$1) -> 0 | ... BF40: =COUNTIFS(SALES!$A:$A,REPORT!$B$38,SALES!$F:$F,REPORT!$B40,SALES!$B:$B,REPORT!BF$1)+COUNTIFS(Consolidate!$A:$A,REPORT!$B$38,Consolidate!$F:$F,REPORT!$B40,Consolidate!$B:$B,REPORT!BF$1) -> 0 | BG40: =COUNTIFS(SALES!$A:$A,REPORT!$B$38,SALES!$F:$F,REPORT!$B40,SALES!$B:$B,REPORT!BG$1)+COUNTIFS(Consolidate!$A:$A,REPORT!$B$38,Consolidate!$F:$F,REPORT!$B40,Consolidate!$B:$B,REPORT!BG$1)-COUNTIFS(SALES!$A:$A,REPORT!$B$38,SALES!$F:$F,REPORT!$B40,SALES!$B:$B,REPORT!BG$1,SALES!$T:$T,"cancelled")*2 -> 0 | BH40: =COUNTIFS(SALES!$A:$A,REPORT!$B$38,SALES!$F:$F,REPORT!$B40,SALES!$B:$B,REPORT!BH$1)+COUNTIFS(Consolidate!$A:$A,REPORT!$B$38,Consolidate!$F:$F,REPORT!$B40,Consolidate!$B:$B,REPORT!BH$1)-COUNTIFS(SALES!$A:$A,REPORT!$B$38,SALES!$F:$F,REPORT!$B40,SALES!$B:$B,REPORT!BH$1,SALES!$T:$T,"cancelled")*2 -> 0 | BI40: =COUNTIFS(SALES!$A:$A,REPORT!$B$38,SALES!$F:$F,REPORT!$B40,SALES!$B:$B,REPORT!BI$1)+COUNTIFS(Consolidate!$A:$A,REPORT!$B$38,Consolidate!$F:$F,REPORT!$B40,Consolidate!$B:$B,REPORT!BI$1)-COUNTIFS(SALES!$A:$A,REPORT!$B$38,SALES!$F:$F,REPORT!$B40,SALES!$B:$B,REPORT!BI$1,SALES!$T:$T,"cancelled")*2 -> 0 | BJ40: =COUNTIFS(SALES!$A:$A,REPORT!$B$38,SALES!$F:$F,REPORT!$B40,SALES!$B:$B,REPORT!BJ$1)+COUNTIFS(Consolidate!$A:$A,REPORT!$B$38,Consolidate!$F:$F,REPORT!$B40,Consolidate!$B:$B,REPORT!BJ$1)-COUNTIFS(SALES!$A:$A,REPORT!$B$38,SALES!$F:$F,REPORT!$B40,SALES!$B:$B,REPORT!BJ$1,SALES!$T:$T,"cancelled")*2 -> 0 | BK40: =COUNTIFS(SALES!$A:$A,REPORT!$B$38,SALES!$F:$F,REPORT!$B40,SALES!$B:$B,REPORT!BK$1)+COUNTIFS(Consolidate!$A:$A,REPORT!$B$38,Consolidate!$F:$F,REPORT!$B40,Consolidate!$B:$B,REPORT!BK$1)-COUNTIFS(SALES!$A:$A,REPORT!$B$38,SALES!$F:$F,REPORT!$B40,SALES!$B:$B,REPORT!BK$1,SALES!$T:$T,"cancelled")*2 -> 0 | BL40: =COUNTIFS(SALES!$A:$A,REPORT!$B$38,SALES!$F:$F,REPORT!$B40,SALES!$B:$B,REPORT!BL$1)+COUNTIFS(Consolidate!$A:$A,REPORT!$B$38,Consolidate!$F:$F,REPORT!$B40,Consolidate!$B:$B,REPORT!BL$1)-COUNTIFS(SALES!$A:$A,REPORT!$B$38,SALES!$F:$F,REPORT!$B40,SALES!$B:$B,REPORT!BL$1,SALES!$T:$T,"cancelled")*2 -> 0 | BM40: =COUNTIFS(SALES!$A:$A,REPORT!$B$38,SALES!$F:$F,REPORT!$B40,SALES!$B:$B,REPORT!BM$1)+COUNTIFS(Consolidate!$A:$A,REPORT!$B$38,Consolidate!$F:$F,REPORT!$B40,Consolidate!$B:$B,REPORT!BM$1)-COUNTIFS(SALES!$A:$A,REPORT!$B$38,SALES!$F:$F,REPORT!$B40,SALES!$B:$B,REPORT!BM$1,SALES!$T:$T,"cancelled")*2 -> 0 | BN40: =COUNTIFS(SALES!$A:$A,REPORT!$B$38,SALES!$F:$F,REPORT!$B40,SALES!$B:$B,REPORT!BN$1)+COUNTIFS(Consolidate!$A:$A,REPORT!$B$38,Consolidate!$F:$F,REPORT!$B40,Consolidate!$B:$B,REPORT!BN$1)-COUNTIFS(SALES!$A:$A,REPORT!$B$38,SALES!$F:$F,REPORT!$B40,SALES!$B:$B,REPORT!BN$1,SALES!$T:$T,"cancelled")*2 -> 0 | ... CC40: =COUNTIFS(SALES!$A:$A,REPORT!$B$38,SALES!$F:$F,REPORT!$B40,SALES!$B:$B,REPORT!CC$1)+COUNTIFS(Consolidate!$A:$A,REPORT!$B$38,Consolidate!$F:$F,REPORT!$B40,Consolidate!$B:$B,REPORT!CC$1)-COUNTIFS(SALES!$A:$A,REPORT!$B$38,SALES!$F:$F,REPORT!$B40,SALES!$B:$B,REPORT!CC$1,SALES!$T:$T,"cancelled")*2 -> 0
A41: Units | B41: ღია ავტოსადგომი | C41: =G41+H41+I41+F41+E41+D41 -> 0 | D41: =SUM(M41:Q41) -> 0 | E41: =SUM(R41:AC41) -> 0 | F41: =SUM(AD41:AO41) -> 0 | G41: =SUM(AP41:BA41) -> 0 | H41: =SUM(BB41:BM41) -> 0 | I41: =SUM(BN41:BY41) -> 0 | J41: =SUM(BZ41:CK41) -> 0 | M41: =COUNTIFS(SALES!$A:$A,REPORT!$B$38,SALES!$F:$F,REPORT!$B41,SALES!$B:$B,REPORT!M$1)+COUNTIFS(Consolidate!$A:$A,REPORT!$B$38,Consolidate!$F:$F,REPORT!$B41,Consolidate!$B:$B,REPORT!M$1) -> 0 | N41: =COUNTIFS(SALES!$A:$A,REPORT!$B$38,SALES!$F:$F,REPORT!$B41,SALES!$B:$B,REPORT!N$1)+COUNTIFS(Consolidate!$A:$A,REPORT!$B$38,Consolidate!$F:$F,REPORT!$B41,Consolidate!$B:$B,REPORT!N$1) -> 0 | O41: =COUNTIFS(SALES!$A:$A,REPORT!$B$38,SALES!$F:$F,REPORT!$B41,SALES!$B:$B,REPORT!O$1)+COUNTIFS(Consolidate!$A:$A,REPORT!$B$38,Consolidate!$F:$F,REPORT!$B41,Consolidate!$B:$B,REPORT!O$1) -> 0 | P41: =COUNTIFS(SALES!$A:$A,REPORT!$B$38,SALES!$F:$F,REPORT!$B41,SALES!$B:$B,REPORT!P$1)+COUNTIFS(Consolidate!$A:$A,REPORT!$B$38,Consolidate!$F:$F,REPORT!$B41,Consolidate!$B:$B,REPORT!P$1) -> 0 | Q41: =COUNTIFS(SALES!$A:$A,REPORT!$B$38,SALES!$F:$F,REPORT!$B41,SALES!$B:$B,REPORT!Q$1)+COUNTIFS(Consolidate!$A:$A,REPORT!$B$38,Consolidate!$F:$F,REPORT!$B41,Consolidate!$B:$B,REPORT!Q$1) -> 0 | R41: =COUNTIFS(SALES!$A:$A,REPORT!$B$38,SALES!$F:$F,REPORT!$B41,SALES!$B:$B,REPORT!R$1)+COUNTIFS(Consolidate!$A:$A,REPORT!$B$38,Consolidate!$F:$F,REPORT!$B41,Consolidate!$B:$B,REPORT!R$1) -> 0 | S41: =COUNTIFS(SALES!$A:$A,REPORT!$B$38,SALES!$F:$F,REPORT!$B41,SALES!$B:$B,REPORT!S$1)+COUNTIFS(Consolidate!$A:$A,REPORT!$B$38,Consolidate!$F:$F,REPORT!$B41,Consolidate!$B:$B,REPORT!S$1) -> 0 | T41: =COUNTIFS(SALES!$A:$A,REPORT!$B$38,SALES!$F:$F,REPORT!$B41,SALES!$B:$B,REPORT!T$1)+COUNTIFS(Consolidate!$A:$A,REPORT!$B$38,Consolidate!$F:$F,REPORT!$B41,Consolidate!$B:$B,REPORT!T$1) -> 0 | ... BF41: =COUNTIFS(SALES!$A:$A,REPORT!$B$38,SALES!$F:$F,REPORT!$B41,SALES!$B:$B,REPORT!BF$1)+COUNTIFS(Consolidate!$A:$A,REPORT!$B$38,Consolidate!$F:$F,REPORT!$B41,Consolidate!$B:$B,REPORT!BF$1) -> 0 | BG41: =COUNTIFS(SALES!$A:$A,REPORT!$B$38,SALES!$F:$F,REPORT!$B41,SALES!$B:$B,REPORT!BG$1)+COUNTIFS(Consolidate!$A:$A,REPORT!$B$38,Consolidate!$F:$F,REPORT!$B41,Consolidate!$B:$B,REPORT!BG$1)-COUNTIFS(SALES!$A:$A,REPORT!$B$38,SALES!$F:$F,REPORT!$B41,SALES!$B:$B,REPORT!BG$1,SALES!$T:$T,"cancelled")*2 -> 0 | BH41: =COUNTIFS(SALES!$A:$A,REPORT!$B$38,SALES!$F:$F,REPORT!$B41,SALES!$B:$B,REPORT!BH$1)+COUNTIFS(Consolidate!$A:$A,REPORT!$B$38,Consolidate!$F:$F,REPORT!$B41,Consolidate!$B:$B,REPORT!BH$1)-COUNTIFS(SALES!$A:$A,REPORT!$B$38,SALES!$F:$F,REPORT!$B41,SALES!$B:$B,REPORT!BH$1,SALES!$T:$T,"cancelled")*2 -> 0 | BI41: =COUNTIFS(SALES!$A:$A,REPORT!$B$38,SALES!$F:$F,REPORT!$B41,SALES!$B:$B,REPORT!BI$1)+COUNTIFS(Consolidate!$A:$A,REPORT!$B$38,Consolidate!$F:$F,REPORT!$B41,Consolidate!$B:$B,REPORT!BI$1)-COUNTIFS(SALES!$A:$A,REPORT!$B$38,SALES!$F:$F,REPORT!$B41,SALES!$B:$B,REPORT!BI$1,SALES!$T:$T,"cancelled")*2 -> 0 | BJ41: =COUNTIFS(SALES!$A:$A,REPORT!$B$38,SALES!$F:$F,REPORT!$B41,SALES!$B:$B,REPORT!BJ$1)+COUNTIFS(Consolidate!$A:$A,REPORT!$B$38,Consolidate!$F:$F,REPORT!$B41,Consolidate!$B:$B,REPORT!BJ$1)-COUNTIFS(SALES!$A:$A,REPORT!$B$38,SALES!$F:$F,REPORT!$B41,SALES!$B:$B,REPORT!BJ$1,SALES!$T:$T,"cancelled")*2 -> 0 | BK41: =COUNTIFS(SALES!$A:$A,REPORT!$B$38,SALES!$F:$F,REPORT!$B41,SALES!$B:$B,REPORT!BK$1)+COUNTIFS(Consolidate!$A:$A,REPORT!$B$38,Consolidate!$F:$F,REPORT!$B41,Consolidate!$B:$B,REPORT!BK$1)-COUNTIFS(SALES!$A:$A,REPORT!$B$38,SALES!$F:$F,REPORT!$B41,SALES!$B:$B,REPORT!BK$1,SALES!$T:$T,"cancelled")*2 -> 0 | BL41: =COUNTIFS(SALES!$A:$A,REPORT!$B$38,SALES!$F:$F,REPORT!$B41,SALES!$B:$B,REPORT!BL$1)+COUNTIFS(Consolidate!$A:$A,REPORT!$B$38,Consolidate!$F:$F,REPORT!$B41,Consolidate!$B:$B,REPORT!BL$1)-COUNTIFS(SALES!$A:$A,REPORT!$B$38,SALES!$F:$F,REPORT!$B41,SALES!$B:$B,REPORT!BL$1,SALES!$T:$T,"cancelled")*2 -> 0 | BM41: =COUNTIFS(SALES!$A:$A,REPORT!$B$38,SALES!$F:$F,REPORT!$B41,SALES!$B:$B,REPORT!BM$1)+COUNTIFS(Consolidate!$A:$A,REPORT!$B$38,Consolidate!$F:$F,REPORT!$B41,Consolidate!$B:$B,REPORT!BM$1)-COUNTIFS(SALES!$A:$A,REPORT!$B$38,SALES!$F:$F,REPORT!$B41,SALES!$B:$B,REPORT!BM$1,SALES!$T:$T,"cancelled")*2 -> 0 | BN41: =COUNTIFS(SALES!$A:$A,REPORT!$B$38,SALES!$F:$F,REPORT!$B41,SALES!$B:$B,REPORT!BN$1)+COUNTIFS(Consolidate!$A:$A,REPORT!$B$38,Consolidate!$F:$F,REPORT!$B41,Consolidate!$B:$B,REPORT!BN$1)-COUNTIFS(SALES!$A:$A,REPORT!$B$38,SALES!$F:$F,REPORT!$B41,SALES!$B:$B,REPORT!BN$1,SALES!$T:$T,"cancelled")*2 -> 0 | ... CC41: =COUNTIFS(SALES!$A:$A,REPORT!$B$38,SALES!$F:$F,REPORT!$B41,SALES!$B:$B,REPORT!CC$1)+COUNTIFS(Consolidate!$A:$A,REPORT!$B$38,Consolidate!$F:$F,REPORT!$B41,Consolidate!$B:$B,REPORT!CC$1)-COUNTIFS(SALES!$A:$A,REPORT!$B$38,SALES!$F:$F,REPORT!$B41,SALES!$B:$B,REPORT!CC$1,SALES!$T:$T,"cancelled")*2 -> 0
A42: Units | B42: დახურული ავტოსადგომი | C42: =G42+H42+I42+F42+E42+D42 -> 17 | D42: =SUM(M42:Q42) -> 0 | E42: =SUM(R42:AC42) -> 0 | F42: =SUM(AD42:AO42) -> 0 | G42: =SUM(AP42:BA42) -> 17 | H42: =SUM(BB42:BM42) -> 0 | I42: =SUM(BN42:BY42) -> 0 | J42: =SUM(BZ42:CK42) -> 0 | M42: =COUNTIFS(SALES!$A:$A,REPORT!$B$38,SALES!$F:$F,REPORT!$B42,SALES!$B:$B,REPORT!M$1)+COUNTIFS(Consolidate!$A:$A,REPORT!$B$38,Consolidate!$F:$F,REPORT!$B42,Consolidate!$B:$B,REPORT!M$1) -> 0 | N42: =COUNTIFS(SALES!$A:$A,REPORT!$B$38,SALES!$F:$F,REPORT!$B42,SALES!$B:$B,REPORT!N$1)+COUNTIFS(Consolidate!$A:$A,REPORT!$B$38,Consolidate!$F:$F,REPORT!$B42,Consolidate!$B:$B,REPORT!N$1) -> 0 | O42: =COUNTIFS(SALES!$A:$A,REPORT!$B$38,SALES!$F:$F,REPORT!$B42,SALES!$B:$B,REPORT!O$1)+COUNTIFS(Consolidate!$A:$A,REPORT!$B$38,Consolidate!$F:$F,REPORT!$B42,Consolidate!$B:$B,REPORT!O$1) -> 0 | P42: =COUNTIFS(SALES!$A:$A,REPORT!$B$38,SALES!$F:$F,REPORT!$B42,SALES!$B:$B,REPORT!P$1)+COUNTIFS(Consolidate!$A:$A,REPORT!$B$38,Consolidate!$F:$F,REPORT!$B42,Consolidate!$B:$B,REPORT!P$1) -> 0 | Q42: =COUNTIFS(SALES!$A:$A,REPORT!$B$38,SALES!$F:$F,REPORT!$B42,SALES!$B:$B,REPORT!Q$1)+COUNTIFS(Consolidate!$A:$A,REPORT!$B$38,Consolidate!$F:$F,REPORT!$B42,Consolidate!$B:$B,REPORT!Q$1) -> 0 | R42: =COUNTIFS(SALES!$A:$A,REPORT!$B$38,SALES!$F:$F,REPORT!$B42,SALES!$B:$B,REPORT!R$1)+COUNTIFS(Consolidate!$A:$A,REPORT!$B$38,Consolidate!$F:$F,REPORT!$B42,Consolidate!$B:$B,REPORT!R$1) -> 0 | S42: =COUNTIFS(SALES!$A:$A,REPORT!$B$38,SALES!$F:$F,REPORT!$B42,SALES!$B:$B,REPORT!S$1)+COUNTIFS(Consolidate!$A:$A,REPORT!$B$38,Consolidate!$F:$F,REPORT!$B42,Consolidate!$B:$B,REPORT!S$1) -> 0 | T42: =COUNTIFS(SALES!$A:$A,REPORT!$B$38,SALES!$F:$F,REPORT!$B42,SALES!$B:$B,REPORT!T$1)+COUNTIFS(Consolidate!$A:$A,REPORT!$B$38,Consolidate!$F:$F,REPORT!$B42,Consolidate!$B:$B,REPORT!T$1) -> 0 | ... BF42: =COUNTIFS(SALES!$A:$A,REPORT!$B$38,SALES!$F:$F,REPORT!$B42,SALES!$B:$B,REPORT!BF$1)+COUNTIFS(Consolidate!$A:$A,REPORT!$B$38,Consolidate!$F:$F,REPORT!$B42,Consolidate!$B:$B,REPORT!BF$1) -> 0 | BG42: =COUNTIFS(SALES!$A:$A,REPORT!$B$38,SALES!$F:$F,REPORT!$B42,SALES!$B:$B,REPORT!BG$1)+COUNTIFS(Consolidate!$A:$A,REPORT!$B$38,Consolidate!$F:$F,REPORT!$B42,Consolidate!$B:$B,REPORT!BG$1)-COUNTIFS(SALES!$A:$A,REPORT!$B$38,SALES!$F:$F,REPORT!$B42,SALES!$B:$B,REPORT!BG$1,SALES!$T:$T,"cancelled")*2 -> 0 | BH42: =COUNTIFS(SALES!$A:$A,REPORT!$B$38,SALES!$F:$F,REPORT!$B42,SALES!$B:$B,REPORT!BH$1)+COUNTIFS(Consolidate!$A:$A,REPORT!$B$38,Consolidate!$F:$F,REPORT!$B42,Consolidate!$B:$B,REPORT!BH$1)-COUNTIFS(SALES!$A:$A,REPORT!$B$38,SALES!$F:$F,REPORT!$B42,SALES!$B:$B,REPORT!BH$1,SALES!$T:$T,"cancelled")*2 -> 0 | BI42: =COUNTIFS(SALES!$A:$A,REPORT!$B$38,SALES!$F:$F,REPORT!$B42,SALES!$B:$B,REPORT!BI$1)+COUNTIFS(Consolidate!$A:$A,REPORT!$B$38,Consolidate!$F:$F,REPORT!$B42,Consolidate!$B:$B,REPORT!BI$1)-COUNTIFS(SALES!$A:$A,REPORT!$B$38,SALES!$F:$F,REPORT!$B42,SALES!$B:$B,REPORT!BI$1,SALES!$T:$T,"cancelled")*2 -> 0 | BJ42: =COUNTIFS(SALES!$A:$A,REPORT!$B$38,SALES!$F:$F,REPORT!$B42,SALES!$B:$B,REPORT!BJ$1)+COUNTIFS(Consolidate!$A:$A,REPORT!$B$38,Consolidate!$F:$F,REPORT!$B42,Consolidate!$B:$B,REPORT!BJ$1)-COUNTIFS(SALES!$A:$A,REPORT!$B$38,SALES!$F:$F,REPORT!$B42,SALES!$B:$B,REPORT!BJ$1,SALES!$T:$T,"cancelled")*2 -> 0 | BK42: =COUNTIFS(SALES!$A:$A,REPORT!$B$38,SALES!$F:$F,REPORT!$B42,SALES!$B:$B,REPORT!BK$1)+COUNTIFS(Consolidate!$A:$A,REPORT!$B$38,Consolidate!$F:$F,REPORT!$B42,Consolidate!$B:$B,REPORT!BK$1)-COUNTIFS(SALES!$A:$A,REPORT!$B$38,SALES!$F:$F,REPORT!$B42,SALES!$B:$B,REPORT!BK$1,SALES!$T:$T,"cancelled")*2 -> 0 | BL42: =COUNTIFS(SALES!$A:$A,REPORT!$B$38,SALES!$F:$F,REPORT!$B42,SALES!$B:$B,REPORT!BL$1)+COUNTIFS(Consolidate!$A:$A,REPORT!$B$38,Consolidate!$F:$F,REPORT!$B42,Consolidate!$B:$B,REPORT!BL$1)-COUNTIFS(SALES!$A:$A,REPORT!$B$38,SALES!$F:$F,REPORT!$B42,SALES!$B:$B,REPORT!BL$1,SALES!$T:$T,"cancelled")*2 -> 0 | BM42: =COUNTIFS(SALES!$A:$A,REPORT!$B$38,SALES!$F:$F,REPORT!$B42,SALES!$B:$B,REPORT!BM$1)+COUNTIFS(Consolidate!$A:$A,REPORT!$B$38,Consolidate!$F:$F,REPORT!$B42,Consolidate!$B:$B,REPORT!BM$1)-COUNTIFS(SALES!$A:$A,REPORT!$B$38,SALES!$F:$F,REPORT!$B42,SALES!$B:$B,REPORT!BM$1,SALES!$T:$T,"cancelled")*2 -> 0 | BN42: =COUNTIFS(SALES!$A:$A,REPORT!$B$38,SALES!$F:$F,REPORT!$B42,SALES!$B:$B,REPORT!BN$1)+COUNTIFS(Consolidate!$A:$A,REPORT!$B$38,Consolidate!$F:$F,REPORT!$B42,Consolidate!$B:$B,REPORT!BN$1)-COUNTIFS(SALES!$A:$A,REPORT!$B$38,SALES!$F:$F,REPORT!$B42,SALES!$B:$B,REPORT!BN$1,SALES!$T:$T,"cancelled")*2 -> 0 | ... CC42: =COUNTIFS(SALES!$A:$A,REPORT!$B$38,SALES!$F:$F,REPORT!$B42,SALES!$B:$B,REPORT!CC$1)+COUNTIFS(Consolidate!$A:$A,REPORT!$B$38,Consolidate!$F:$F,REPORT!$B42,Consolidate!$B:$B,REPORT!CC$1)-COUNTIFS(SALES!$A:$A,REPORT!$B$38,SALES!$F:$F,REPORT!$B42,SALES!$B:$B,REPORT!CC$1,SALES!$T:$T,"cancelled")*2 -> 0
A43: Units | B43: სარდაფი | C43: =G43+H43+I43+F43+E43+D43 -> 1 | D43: =SUM(M43:Q43) -> 0 | E43: =SUM(R43:AC43) -> 0 | F43: =SUM(AD43:AO43) -> 0 | G43: =SUM(AP43:BA43) -> 1 | H43: =SUM(BB43:BM43) -> 0 | I43: =SUM(BN43:BY43) -> 0 | J43: =SUM(BZ43:CK43) -> 0 | M43: =COUNTIFS(SALES!$A:$A,REPORT!$B$38,SALES!$F:$F,REPORT!$B43,SALES!$B:$B,REPORT!M$1)+COUNTIFS(Consolidate!$A:$A,REPORT!$B$38,Consolidate!$F:$F,REPORT!$B43,Consolidate!$B:$B,REPORT!M$1) -> 0 | N43: =COUNTIFS(SALES!$A:$A,REPORT!$B$38,SALES!$F:$F,REPORT!$B43,SALES!$B:$B,REPORT!N$1)+COUNTIFS(Consolidate!$A:$A,REPORT!$B$38,Consolidate!$F:$F,REPORT!$B43,Consolidate!$B:$B,REPORT!N$1) -> 0 | O43: =COUNTIFS(SALES!$A:$A,REPORT!$B$38,SALES!$F:$F,REPORT!$B43,SALES!$B:$B,REPORT!O$1)+COUNTIFS(Consolidate!$A:$A,REPORT!$B$38,Consolidate!$F:$F,REPORT!$B43,Consolidate!$B:$B,REPORT!O$1) -> 0 | P43: =COUNTIFS(SALES!$A:$A,REPORT!$B$38,SALES!$F:$F,REPORT!$B43,SALES!$B:$B,REPORT!P$1)+COUNTIFS(Consolidate!$A:$A,REPORT!$B$38,Consolidate!$F:$F,REPORT!$B43,Consolidate!$B:$B,REPORT!P$1) -> 0 | Q43: =COUNTIFS(SALES!$A:$A,REPORT!$B$38,SALES!$F:$F,REPORT!$B43,SALES!$B:$B,REPORT!Q$1)+COUNTIFS(Consolidate!$A:$A,REPORT!$B$38,Consolidate!$F:$F,REPORT!$B43,Consolidate!$B:$B,REPORT!Q$1) -> 0 | R43: =COUNTIFS(SALES!$A:$A,REPORT!$B$38,SALES!$F:$F,REPORT!$B43,SALES!$B:$B,REPORT!R$1)+COUNTIFS(Consolidate!$A:$A,REPORT!$B$38,Consolidate!$F:$F,REPORT!$B43,Consolidate!$B:$B,REPORT!R$1) -> 0 | S43: =COUNTIFS(SALES!$A:$A,REPORT!$B$38,SALES!$F:$F,REPORT!$B43,SALES!$B:$B,REPORT!S$1)+COUNTIFS(Consolidate!$A:$A,REPORT!$B$38,Consolidate!$F:$F,REPORT!$B43,Consolidate!$B:$B,REPORT!S$1) -> 0 | T43: =COUNTIFS(SALES!$A:$A,REPORT!$B$38,SALES!$F:$F,REPORT!$B43,SALES!$B:$B,REPORT!T$1)+COUNTIFS(Consolidate!$A:$A,REPORT!$B$38,Consolidate!$F:$F,REPORT!$B43,Consolidate!$B:$B,REPORT!T$1) -> 0 | ... BF43: =COUNTIFS(SALES!$A:$A,REPORT!$B$38,SALES!$F:$F,REPORT!$B43,SALES!$B:$B,REPORT!BF$1)+COUNTIFS(Consolidate!$A:$A,REPORT!$B$38,Consolidate!$F:$F,REPORT!$B43,Consolidate!$B:$B,REPORT!BF$1) -> 0 | BG43: =COUNTIFS(SALES!$A:$A,REPORT!$B$38,SALES!$F:$F,REPORT!$B43,SALES!$B:$B,REPORT!BG$1)+COUNTIFS(Consolidate!$A:$A,REPORT!$B$38,Consolidate!$F:$F,REPORT!$B43,Consolidate!$B:$B,REPORT!BG$1)-COUNTIFS(SALES!$A:$A,REPORT!$B$38,SALES!$F:$F,REPORT!$B43,SALES!$B:$B,REPORT!BG$1,SALES!$T:$T,"cancelled")*2 -> 0 | BH43: =COUNTIFS(SALES!$A:$A,REPORT!$B$38,SALES!$F:$F,REPORT!$B43,SALES!$B:$B,REPORT!BH$1)+COUNTIFS(Consolidate!$A:$A,REPORT!$B$38,Consolidate!$F:$F,REPORT!$B43,Consolidate!$B:$B,REPORT!BH$1)-COUNTIFS(SALES!$A:$A,REPORT!$B$38,SALES!$F:$F,REPORT!$B43,SALES!$B:$B,REPORT!BH$1,SALES!$T:$T,"cancelled")*2 -> 0 | BI43: =COUNTIFS(SALES!$A:$A,REPORT!$B$38,SALES!$F:$F,REPORT!$B43,SALES!$B:$B,REPORT!BI$1)+COUNTIFS(Consolidate!$A:$A,REPORT!$B$38,Consolidate!$F:$F,REPORT!$B43,Consolidate!$B:$B,REPORT!BI$1)-COUNTIFS(SALES!$A:$A,REPORT!$B$38,SALES!$F:$F,REPORT!$B43,SALES!$B:$B,REPORT!BI$1,SALES!$T:$T,"cancelled")*2 -> 0 | BJ43: =COUNTIFS(SALES!$A:$A,REPORT!$B$38,SALES!$F:$F,REPORT!$B43,SALES!$B:$B,REPORT!BJ$1)+COUNTIFS(Consolidate!$A:$A,REPORT!$B$38,Consolidate!$F:$F,REPORT!$B43,Consolidate!$B:$B,REPORT!BJ$1)-COUNTIFS(SALES!$A:$A,REPORT!$B$38,SALES!$F:$F,REPORT!$B43,SALES!$B:$B,REPORT!BJ$1,SALES!$T:$T,"cancelled")*2 -> 0 | BK43: =COUNTIFS(SALES!$A:$A,REPORT!$B$38,SALES!$F:$F,REPORT!$B43,SALES!$B:$B,REPORT!BK$1)+COUNTIFS(Consolidate!$A:$A,REPORT!$B$38,Consolidate!$F:$F,REPORT!$B43,Consolidate!$B:$B,REPORT!BK$1)-COUNTIFS(SALES!$A:$A,REPORT!$B$38,SALES!$F:$F,REPORT!$B43,SALES!$B:$B,REPORT!BK$1,SALES!$T:$T,"cancelled")*2 -> 0 | BL43: =COUNTIFS(SALES!$A:$A,REPORT!$B$38,SALES!$F:$F,REPORT!$B43,SALES!$B:$B,REPORT!BL$1)+COUNTIFS(Consolidate!$A:$A,REPORT!$B$38,Consolidate!$F:$F,REPORT!$B43,Consolidate!$B:$B,REPORT!BL$1)-COUNTIFS(SALES!$A:$A,REPORT!$B$38,SALES!$F:$F,REPORT!$B43,SALES!$B:$B,REPORT!BL$1,SALES!$T:$T,"cancelled")*2 -> 0 | BM43: =COUNTIFS(SALES!$A:$A,REPORT!$B$38,SALES!$F:$F,REPORT!$B43,SALES!$B:$B,REPORT!BM$1)+COUNTIFS(Consolidate!$A:$A,REPORT!$B$38,Consolidate!$F:$F,REPORT!$B43,Consolidate!$B:$B,REPORT!BM$1)-COUNTIFS(SALES!$A:$A,REPORT!$B$38,SALES!$F:$F,REPORT!$B43,SALES!$B:$B,REPORT!BM$1,SALES!$T:$T,"cancelled")*2 -> 0 | BN43: =COUNTIFS(SALES!$A:$A,REPORT!$B$38,SALES!$F:$F,REPORT!$B43,SALES!$B:$B,REPORT!BN$1)+COUNTIFS(Consolidate!$A:$A,REPORT!$B$38,Consolidate!$F:$F,REPORT!$B43,Consolidate!$B:$B,REPORT!BN$1)-COUNTIFS(SALES!$A:$A,REPORT!$B$38,SALES!$F:$F,REPORT!$B43,SALES!$B:$B,REPORT!BN$1,SALES!$T:$T,"cancelled")*2 -> 0 | ... CC43: =COUNTIFS(SALES!$A:$A,REPORT!$B$38,SALES!$F:$F,REPORT!$B43,SALES!$B:$B,REPORT!CC$1)+COUNTIFS(Consolidate!$A:$A,REPORT!$B$38,Consolidate!$F:$F,REPORT!$B43,Consolidate!$B:$B,REPORT!CC$1)-COUNTIFS(SALES!$A:$A,REPORT!$B$38,SALES!$F:$F,REPORT!$B43,SALES!$B:$B,REPORT!CC$1,SALES!$T:$T,"cancelled")*2 -> 0
A44: Units | B44: სამგორი | C44: =SUM(C45:C49) -> 1315 | D44: =SUM(D45:D49) -> 35 | E44: =SUM(E45:E49) -> 93 | F44: =SUM(F45:F49) -> 327 | G44: =SUM(G45:G49) -> 368 | H44: =SUM(H45:H49) -> 237 | I44: =SUM(I45:I49) -> 255 | J44: =SUM(J45:J49) -> 26 | ... CC44: =SUM(CC45:CC49) -> 2
A45: Units | B45: საცხოვრებელი | C45: =G45+H45+I45+F45+E45+D45 -> 956 | D45: =SUM(M45:Q45) -> 35 | E45: =SUM(R45:AC45) -> 88 | F45: =SUM(AD45:AO45) -> 273 | G45: =SUM(AP45:BA45) -> 270 | H45: =SUM(BB45:BM45) -> 193 | I45: =SUM(BN45:BY45) -> 97 | J45: =SUM(BZ45:CK45) -> 12 | M45: =COUNTIFS(SALES!$A:$A,REPORT!$B$44,SALES!$F:$F,REPORT!$B45,SALES!$B:$B,REPORT!M$1)+COUNTIFS(Consolidate!$A:$A,REPORT!$B$44,Consolidate!$F:$F,REPORT!$B45,Consolidate!$B:$B,REPORT!M$1) -> 9 | N45: =COUNTIFS(SALES!$A:$A,REPORT!$B$44,SALES!$F:$F,REPORT!$B45,SALES!$B:$B,REPORT!N$1)+COUNTIFS(Consolidate!$A:$A,REPORT!$B$44,Consolidate!$F:$F,REPORT!$B45,Consolidate!$B:$B,REPORT!N$1) -> 1 | O45: =COUNTIFS(SALES!$A:$A,REPORT!$B$44,SALES!$F:$F,REPORT!$B45,SALES!$B:$B,REPORT!O$1)+COUNTIFS(Consolidate!$A:$A,REPORT!$B$44,Consolidate!$F:$F,REPORT!$B45,Consolidate!$B:$B,REPORT!O$1) -> 3 | P45: =COUNTIFS(SALES!$A:$A,REPORT!$B$44,SALES!$F:$F,REPORT!$B45,SALES!$B:$B,REPORT!P$1)+COUNTIFS(Consolidate!$A:$A,REPORT!$B$44,Consolidate!$F:$F,REPORT!$B45,Consolidate!$B:$B,REPORT!P$1) -> 2 | Q45: =COUNTIFS(SALES!$A:$A,REPORT!$B$44,SALES!$F:$F,REPORT!$B45,SALES!$B:$B,REPORT!Q$1)+COUNTIFS(Consolidate!$A:$A,REPORT!$B$44,Consolidate!$F:$F,REPORT!$B45,Consolidate!$B:$B,REPORT!Q$1) -> 20 | R45: =COUNTIFS(SALES!$A:$A,REPORT!$B$44,SALES!$F:$F,REPORT!$B45,SALES!$B:$B,REPORT!R$1)+COUNTIFS(Consolidate!$A:$A,REPORT!$B$44,Consolidate!$F:$F,REPORT!$B45,Consolidate!$B:$B,REPORT!R$1) -> 6 | S45: =COUNTIFS(SALES!$A:$A,REPORT!$B$44,SALES!$F:$F,REPORT!$B45,SALES!$B:$B,REPORT!S$1)+COUNTIFS(Consolidate!$A:$A,REPORT!$B$44,Consolidate!$F:$F,REPORT!$B45,Consolidate!$B:$B,REPORT!S$1) -> 11 | T45: =COUNTIFS(SALES!$A:$A,REPORT!$B$44,SALES!$F:$F,REPORT!$B45,SALES!$B:$B,REPORT!T$1)+COUNTIFS(Consolidate!$A:$A,REPORT!$B$44,Consolidate!$F:$F,REPORT!$B45,Consolidate!$B:$B,REPORT!T$1) -> 4 | ... BF45: =COUNTIFS(SALES!$A:$A,REPORT!$B$44,SALES!$F:$F,REPORT!$B45,SALES!$B:$B,REPORT!BF$1)+COUNTIFS(Consolidate!$A:$A,REPORT!$B$44,Consolidate!$F:$F,REPORT!$B45,Consolidate!$B:$B,REPORT!BF$1) -> 11 | BG45: =COUNTIFS(SALES!$A:$A,REPORT!$B$44,SALES!$F:$F,REPORT!$B45,SALES!$B:$B,REPORT!BG$1)+COUNTIFS(Consolidate!$A:$A,REPORT!$B$44,Consolidate!$F:$F,REPORT!$B45,Consolidate!$B:$B,REPORT!BG$1)-COUNTIFS(SALES!$A:$A,REPORT!$B$44,SALES!$F:$F,REPORT!$B45,SALES!$B:$B,REPORT!BG$1,SALES!$T:$T,"cancelled")*2 -> 11 | BH45: =COUNTIFS(SALES!$A:$A,REPORT!$B$44,SALES!$F:$F,REPORT!$B45,SALES!$B:$B,REPORT!BH$1)+COUNTIFS(Consolidate!$A:$A,REPORT!$B$44,Consolidate!$F:$F,REPORT!$B45,Consolidate!$B:$B,REPORT!BH$1)-COUNTIFS(SALES!$A:$A,REPORT!$B$44,SALES!$F:$F,REPORT!$B45,SALES!$B:$B,REPORT!BH$1,SALES!$T:$T,"cancelled")*2 -> 13 | BI45: =COUNTIFS(SALES!$A:$A,REPORT!$B$44,SALES!$F:$F,REPORT!$B45,SALES!$B:$B,REPORT!BI$1)+COUNTIFS(Consolidate!$A:$A,REPORT!$B$44,Consolidate!$F:$F,REPORT!$B45,Consolidate!$B:$B,REPORT!BI$1)-COUNTIFS(SALES!$A:$A,REPORT!$B$44,SALES!$F:$F,REPORT!$B45,SALES!$B:$B,REPORT!BI$1,SALES!$T:$T,"cancelled")*2 -> 20 | BJ45: =COUNTIFS(SALES!$A:$A,REPORT!$B$44,SALES!$F:$F,REPORT!$B45,SALES!$B:$B,REPORT!BJ$1)+COUNTIFS(Consolidate!$A:$A,REPORT!$B$44,Consolidate!$F:$F,REPORT!$B45,Consolidate!$B:$B,REPORT!BJ$1)-COUNTIFS(SALES!$A:$A,REPORT!$B$44,SALES!$F:$F,REPORT!$B45,SALES!$B:$B,REPORT!BJ$1,SALES!$T:$T,"cancelled")*2 -> 21 | BK45: =COUNTIFS(SALES!$A:$A,REPORT!$B$44,SALES!$F:$F,REPORT!$B45,SALES!$B:$B,REPORT!BK$1)+COUNTIFS(Consolidate!$A:$A,REPORT!$B$44,Consolidate!$F:$F,REPORT!$B45,Consolidate!$B:$B,REPORT!BK$1)-COUNTIFS(SALES!$A:$A,REPORT!$B$44,SALES!$F:$F,REPORT!$B45,SALES!$B:$B,REPORT!BK$1,SALES!$T:$T,"cancelled")*2 -> 27 | BL45: =COUNTIFS(SALES!$A:$A,REPORT!$B$44,SALES!$F:$F,REPORT!$B45,SALES!$B:$B,REPORT!BL$1)+COUNTIFS(Consolidate!$A:$A,REPORT!$B$44,Consolidate!$F:$F,REPORT!$B45,Consolidate!$B:$B,REPORT!BL$1)-COUNTIFS(SALES!$A:$A,REPORT!$B$44,SALES!$F:$F,REPORT!$B45,SALES!$B:$B,REPORT!BL$1,SALES!$T:$T,"cancelled")*2 -> 32 | BM45: =COUNTIFS(SALES!$A:$A,REPORT!$B$44,SALES!$F:$F,REPORT!$B45,SALES!$B:$B,REPORT!BM$1)+COUNTIFS(Consolidate!$A:$A,REPORT!$B$44,Consolidate!$F:$F,REPORT!$B45,Consolidate!$B:$B,REPORT!BM$1)-COUNTIFS(SALES!$A:$A,REPORT!$B$44,SALES!$F:$F,REPORT!$B45,SALES!$B:$B,REPORT!BM$1,SALES!$T:$T,"cancelled")*2 -> 6 | BN45: =COUNTIFS(SALES!$A:$A,REPORT!$B$44,SALES!$F:$F,REPORT!$B45,SALES!$B:$B,REPORT!BN$1)+COUNTIFS(Consolidate!$A:$A,REPORT!$B$44,Consolidate!$F:$F,REPORT!$B45,Consolidate!$B:$B,REPORT!BN$1)-COUNTIFS(SALES!$A:$A,REPORT!$B$44,SALES!$F:$F,REPORT!$B45,SALES!$B:$B,REPORT!BN$1,SALES!$T:$T,"cancelled")*2 -> 9 | ... BY45: =COUNTIFS(SALES!$A:$A,REPORT!$B$44,SALES!$F:$F,REPORT!$B45,SALES!$B:$B,REPORT!BY$1)+COUNTIFS(Consolidate!$A:$A,REPORT!$B$44,Consolidate!$F:$F,REPORT!$B45,Consolidate!$B:$B,REPORT!BY$1)-COUNTIFS(SALES!$A:$A,REPORT!$B$44,SALES!$F:$F,REPORT!$B45,SALES!$B:$B,REPORT!BY$1,SALES!$T:$T,"cancelled")*2 -> 4 | BZ45: =COUNTIFS(SALES!$A:$A,REPORT!$B$44,SALES!$F:$F,REPORT!$B45,SALES!$B:$B,REPORT!BZ$1)+COUNTIFS(Consolidate!$A:$A,REPORT!$B$44,Consolidate!$F:$F,REPORT!$B45,Consolidate!$B:$B,REPORT!BZ$1)-COUNTIFS(SALES!$A:$A,REPORT!$B$44,SALES!$F:$F,REPORT!$B45,SALES!$B:$B,REPORT!BZ$1,SALES!$T:$T,"cancelled") -> 2 | CA45: =COUNTIFS(SALES!$A:$A,REPORT!$B$44,SALES!$F:$F,REPORT!$B45,SALES!$B:$B,REPORT!CA$1)+COUNTIFS(Consolidate!$A:$A,REPORT!$B$44,Consolidate!$F:$F,REPORT!$B45,Consolidate!$B:$B,REPORT!CA$1)-COUNTIFS(SALES!$A:$A,REPORT!$B$44,SALES!$F:$F,REPORT!$B45,SALES!$B:$B,REPORT!CA$1,SALES!$T:$T,"cancelled") -> 3 | CB45: =COUNTIFS(SALES!$A:$A,REPORT!$B$44,SALES!$F:$F,REPORT!$B45,SALES!$B:$B,REPORT!CB$1)+COUNTIFS(Consolidate!$A:$A,REPORT!$B$44,Consolidate!$F:$F,REPORT!$B45,Consolidate!$B:$B,REPORT!CB$1)-COUNTIFS(SALES!$A:$A,REPORT!$B$44,SALES!$F:$F,REPORT!$B45,SALES!$B:$B,REPORT!CB$1,SALES!$T:$T,"cancelled") -> 7 | CC45: =COUNTIFS(SALES!$A:$A,REPORT!$B$44,SALES!$F:$F,REPORT!$B45,SALES!$B:$B,REPORT!CC$1)+COUNTIFS(Consolidate!$A:$A,REPORT!$B$44,Consolidate!$F:$F,REPORT!$B45,Consolidate!$B:$B,REPORT!CC$1)-COUNTIFS(SALES!$A:$A,REPORT!$B$44,SALES!$F:$F,REPORT!$B45,SALES!$B:$B,REPORT!CC$1,SALES!$T:$T,"cancelled") -> 0
A46: Units | B46: კომერციული | C46: =G46+H46+I46+F46+E46+D46 -> 20 | D46: =SUM(M46:Q46) -> 0 | E46: =SUM(R46:AC46) -> 0 | F46: =SUM(AD46:AO46) -> 0 | G46: =SUM(AP46:BA46) -> 3 | H46: =SUM(BB46:BM46) -> 5 | I46: =SUM(BN46:BY46) -> 12 | J46: =SUM(BZ46:CK46) -> 2 | M46: =COUNTIFS(SALES!$A:$A,REPORT!$B$44,SALES!$F:$F,REPORT!$B46,SALES!$B:$B,REPORT!M$1)+COUNTIFS(Consolidate!$A:$A,REPORT!$B$44,Consolidate!$F:$F,REPORT!$B46,Consolidate!$B:$B,REPORT!M$1) -> 0 | N46: =COUNTIFS(SALES!$A:$A,REPORT!$B$44,SALES!$F:$F,REPORT!$B46,SALES!$B:$B,REPORT!N$1)+COUNTIFS(Consolidate!$A:$A,REPORT!$B$44,Consolidate!$F:$F,REPORT!$B46,Consolidate!$B:$B,REPORT!N$1) -> 0 | O46: =COUNTIFS(SALES!$A:$A,REPORT!$B$44,SALES!$F:$F,REPORT!$B46,SALES!$B:$B,REPORT!O$1)+COUNTIFS(Consolidate!$A:$A,REPORT!$B$44,Consolidate!$F:$F,REPORT!$B46,Consolidate!$B:$B,REPORT!O$1) -> 0 | P46: =COUNTIFS(SALES!$A:$A,REPORT!$B$44,SALES!$F:$F,REPORT!$B46,SALES!$B:$B,REPORT!P$1)+COUNTIFS(Consolidate!$A:$A,REPORT!$B$44,Consolidate!$F:$F,REPORT!$B46,Consolidate!$B:$B,REPORT!P$1) -> 0 | Q46: =COUNTIFS(SALES!$A:$A,REPORT!$B$44,SALES!$F:$F,REPORT!$B46,SALES!$B:$B,REPORT!Q$1)+COUNTIFS(Consolidate!$A:$A,REPORT!$B$44,Consolidate!$F:$F,REPORT!$B46,Consolidate!$B:$B,REPORT!Q$1) -> 0 | R46: =COUNTIFS(SALES!$A:$A,REPORT!$B$44,SALES!$F:$F,REPORT!$B46,SALES!$B:$B,REPORT!R$1)+COUNTIFS(Consolidate!$A:$A,REPORT!$B$44,Consolidate!$F:$F,REPORT!$B46,Consolidate!$B:$B,REPORT!R$1) -> 0 | S46: =COUNTIFS(SALES!$A:$A,REPORT!$B$44,SALES!$F:$F,REPORT!$B46,SALES!$B:$B,REPORT!S$1)+COUNTIFS(Consolidate!$A:$A,REPORT!$B$44,Consolidate!$F:$F,REPORT!$B46,Consolidate!$B:$B,REPORT!S$1) -> 0 | T46: =COUNTIFS(SALES!$A:$A,REPORT!$B$44,SALES!$F:$F,REPORT!$B46,SALES!$B:$B,REPORT!T$1)+COUNTIFS(Consolidate!$A:$A,REPORT!$B$44,Consolidate!$F:$F,REPORT!$B46,Consolidate!$B:$B,REPORT!T$1) -> 0 | ... BF46: =COUNTIFS(SALES!$A:$A,REPORT!$B$44,SALES!$F:$F,REPORT!$B46,SALES!$B:$B,REPORT!BF$1)+COUNTIFS(Consolidate!$A:$A,REPORT!$B$44,Consolidate!$F:$F,REPORT!$B46,Consolidate!$B:$B,REPORT!BF$1) -> 0 | BG46: =COUNTIFS(SALES!$A:$A,REPORT!$B$44,SALES!$F:$F,REPORT!$B46,SALES!$B:$B,REPORT!BG$1)+COUNTIFS(Consolidate!$A:$A,REPORT!$B$44,Consolidate!$F:$F,REPORT!$B46,Consolidate!$B:$B,REPORT!BG$1)-COUNTIFS(SALES!$A:$A,REPORT!$B$44,SALES!$F:$F,REPORT!$B46,SALES!$B:$B,REPORT!BG$1,SALES!$T:$T,"cancelled")*2 -> 1 | BH46: =COUNTIFS(SALES!$A:$A,REPORT!$B$44,SALES!$F:$F,REPORT!$B46,SALES!$B:$B,REPORT!BH$1)+COUNTIFS(Consolidate!$A:$A,REPORT!$B$44,Consolidate!$F:$F,REPORT!$B46,Consolidate!$B:$B,REPORT!BH$1)-COUNTIFS(SALES!$A:$A,REPORT!$B$44,SALES!$F:$F,REPORT!$B46,SALES!$B:$B,REPORT!BH$1,SALES!$T:$T,"cancelled")*2 -> 0 | BI46: =COUNTIFS(SALES!$A:$A,REPORT!$B$44,SALES!$F:$F,REPORT!$B46,SALES!$B:$B,REPORT!BI$1)+COUNTIFS(Consolidate!$A:$A,REPORT!$B$44,Consolidate!$F:$F,REPORT!$B46,Consolidate!$B:$B,REPORT!BI$1)-COUNTIFS(SALES!$A:$A,REPORT!$B$44,SALES!$F:$F,REPORT!$B46,SALES!$B:$B,REPORT!BI$1,SALES!$T:$T,"cancelled")*2 -> 0 | BJ46: =COUNTIFS(SALES!$A:$A,REPORT!$B$44,SALES!$F:$F,REPORT!$B46,SALES!$B:$B,REPORT!BJ$1)+COUNTIFS(Consolidate!$A:$A,REPORT!$B$44,Consolidate!$F:$F,REPORT!$B46,Consolidate!$B:$B,REPORT!BJ$1)-COUNTIFS(SALES!$A:$A,REPORT!$B$44,SALES!$F:$F,REPORT!$B46,SALES!$B:$B,REPORT!BJ$1,SALES!$T:$T,"cancelled")*2 -> 0 | BK46: =COUNTIFS(SALES!$A:$A,REPORT!$B$44,SALES!$F:$F,REPORT!$B46,SALES!$B:$B,REPORT!BK$1)+COUNTIFS(Consolidate!$A:$A,REPORT!$B$44,Consolidate!$F:$F,REPORT!$B46,Consolidate!$B:$B,REPORT!BK$1)-COUNTIFS(SALES!$A:$A,REPORT!$B$44,SALES!$F:$F,REPORT!$B46,SALES!$B:$B,REPORT!BK$1,SALES!$T:$T,"cancelled")*2 -> 0 | BL46: =COUNTIFS(SALES!$A:$A,REPORT!$B$44,SALES!$F:$F,REPORT!$B46,SALES!$B:$B,REPORT!BL$1)+COUNTIFS(Consolidate!$A:$A,REPORT!$B$44,Consolidate!$F:$F,REPORT!$B46,Consolidate!$B:$B,REPORT!BL$1)-COUNTIFS(SALES!$A:$A,REPORT!$B$44,SALES!$F:$F,REPORT!$B46,SALES!$B:$B,REPORT!BL$1,SALES!$T:$T,"cancelled")*2 -> 0 | BM46: =COUNTIFS(SALES!$A:$A,REPORT!$B$44,SALES!$F:$F,REPORT!$B46,SALES!$B:$B,REPORT!BM$1)+COUNTIFS(Consolidate!$A:$A,REPORT!$B$44,Consolidate!$F:$F,REPORT!$B46,Consolidate!$B:$B,REPORT!BM$1)-COUNTIFS(SALES!$A:$A,REPORT!$B$44,SALES!$F:$F,REPORT!$B46,SALES!$B:$B,REPORT!BM$1,SALES!$T:$T,"cancelled")*2 -> 2 | BN46: =COUNTIFS(SALES!$A:$A,REPORT!$B$44,SALES!$F:$F,REPORT!$B46,SALES!$B:$B,REPORT!BN$1)+COUNTIFS(Consolidate!$A:$A,REPORT!$B$44,Consolidate!$F:$F,REPORT!$B46,Consolidate!$B:$B,REPORT!BN$1)-COUNTIFS(SALES!$A:$A,REPORT!$B$44,SALES!$F:$F,REPORT!$B46,SALES!$B:$B,REPORT!BN$1,SALES!$T:$T,"cancelled")*2 -> 0 | ... BY46: =COUNTIFS(SALES!$A:$A,REPORT!$B$44,SALES!$F:$F,REPORT!$B46,SALES!$B:$B,REPORT!BY$1)+COUNTIFS(Consolidate!$A:$A,REPORT!$B$44,Consolidate!$F:$F,REPORT!$B46,Consolidate!$B:$B,REPORT!BY$1)-COUNTIFS(SALES!$A:$A,REPORT!$B$44,SALES!$F:$F,REPORT!$B46,SALES!$B:$B,REPORT!BY$1,SALES!$T:$T,"cancelled")*2 -> 0 | BZ46: =COUNTIFS(SALES!$A:$A,REPORT!$B$44,SALES!$F:$F,REPORT!$B46,SALES!$B:$B,REPORT!BZ$1)+COUNTIFS(Consolidate!$A:$A,REPORT!$B$44,Consolidate!$F:$F,REPORT!$B46,Consolidate!$B:$B,REPORT!BZ$1)-COUNTIFS(SALES!$A:$A,REPORT!$B$44,SALES!$F:$F,REPORT!$B46,SALES!$B:$B,REPORT!BZ$1,SALES!$T:$T,"cancelled") -> 0 | CA46: =COUNTIFS(SALES!$A:$A,REPORT!$B$44,SALES!$F:$F,REPORT!$B46,SALES!$B:$B,REPORT!CA$1)+COUNTIFS(Consolidate!$A:$A,REPORT!$B$44,Consolidate!$F:$F,REPORT!$B46,Consolidate!$B:$B,REPORT!CA$1)-COUNTIFS(SALES!$A:$A,REPORT!$B$44,SALES!$F:$F,REPORT!$B46,SALES!$B:$B,REPORT!CA$1,SALES!$T:$T,"cancelled") -> 0 | CB46: =COUNTIFS(SALES!$A:$A,REPORT!$B$44,SALES!$F:$F,REPORT!$B46,SALES!$B:$B,REPORT!CB$1)+COUNTIFS(Consolidate!$A:$A,REPORT!$B$44,Consolidate!$F:$F,REPORT!$B46,Consolidate!$B:$B,REPORT!CB$1)-COUNTIFS(SALES!$A:$A,REPORT!$B$44,SALES!$F:$F,REPORT!$B46,SALES!$B:$B,REPORT!CB$1,SALES!$T:$T,"cancelled") -> 0 | CC46: =COUNTIFS(SALES!$A:$A,REPORT!$B$44,SALES!$F:$F,REPORT!$B46,SALES!$B:$B,REPORT!CC$1)+COUNTIFS(Consolidate!$A:$A,REPORT!$B$44,Consolidate!$F:$F,REPORT!$B46,Consolidate!$B:$B,REPORT!CC$1)-COUNTIFS(SALES!$A:$A,REPORT!$B$44,SALES!$F:$F,REPORT!$B46,SALES!$B:$B,REPORT!CC$1,SALES!$T:$T,"cancelled") -> 2
A47: Units | B47: ღია ავტოსადგომი | C47: =G47+H47+I47+F47+E47+D47 -> 339 | D47: =SUM(M47:Q47) -> 0 | E47: =SUM(R47:AC47) -> 5 | F47: =SUM(AD47:AO47) -> 54 | G47: =SUM(AP47:BA47) -> 95 | H47: =SUM(BB47:BM47) -> 39 | I47: =SUM(BN47:BY47) -> 146 | J47: =SUM(BZ47:CK47) -> 12 | M47: =COUNTIFS(SALES!$A:$A,REPORT!$B$44,SALES!$F:$F,REPORT!$B47,SALES!$B:$B,REPORT!M$1)+COUNTIFS(Consolidate!$A:$A,REPORT!$B$44,Consolidate!$F:$F,REPORT!$B47,Consolidate!$B:$B,REPORT!M$1) -> 0 | N47: =COUNTIFS(SALES!$A:$A,REPORT!$B$44,SALES!$F:$F,REPORT!$B47,SALES!$B:$B,REPORT!N$1)+COUNTIFS(Consolidate!$A:$A,REPORT!$B$44,Consolidate!$F:$F,REPORT!$B47,Consolidate!$B:$B,REPORT!N$1) -> 0 | O47: =COUNTIFS(SALES!$A:$A,REPORT!$B$44,SALES!$F:$F,REPORT!$B47,SALES!$B:$B,REPORT!O$1)+COUNTIFS(Consolidate!$A:$A,REPORT!$B$44,Consolidate!$F:$F,REPORT!$B47,Consolidate!$B:$B,REPORT!O$1) -> 0 | P47: =COUNTIFS(SALES!$A:$A,REPORT!$B$44,SALES!$F:$F,REPORT!$B47,SALES!$B:$B,REPORT!P$1)+COUNTIFS(Consolidate!$A:$A,REPORT!$B$44,Consolidate!$F:$F,REPORT!$B47,Consolidate!$B:$B,REPORT!P$1) -> 0 | Q47: =COUNTIFS(SALES!$A:$A,REPORT!$B$44,SALES!$F:$F,REPORT!$B47,SALES!$B:$B,REPORT!Q$1)+COUNTIFS(Consolidate!$A:$A,REPORT!$B$44,Consolidate!$F:$F,REPORT!$B47,Consolidate!$B:$B,REPORT!Q$1) -> 0 | R47: =COUNTIFS(SALES!$A:$A,REPORT!$B$44,SALES!$F:$F,REPORT!$B47,SALES!$B:$B,REPORT!R$1)+COUNTIFS(Consolidate!$A:$A,REPORT!$B$44,Consolidate!$F:$F,REPORT!$B47,Consolidate!$B:$B,REPORT!R$1) -> 0 | S47: =COUNTIFS(SALES!$A:$A,REPORT!$B$44,SALES!$F:$F,REPORT!$B47,SALES!$B:$B,REPORT!S$1)+COUNTIFS(Consolidate!$A:$A,REPORT!$B$44,Consolidate!$F:$F,REPORT!$B47,Consolidate!$B:$B,REPORT!S$1) -> 0 | T47: =COUNTIFS(SALES!$A:$A,REPORT!$B$44,SALES!$F:$F,REPORT!$B47,SALES!$B:$B,REPORT!T$1)+COUNTIFS(Consolidate!$A:$A,REPORT!$B$44,Consolidate!$F:$F,REPORT!$B47,Consolidate!$B:$B,REPORT!T$1) -> 0 | ... BF47: =COUNTIFS(SALES!$A:$A,REPORT!$B$44,SALES!$F:$F,REPORT!$B47,SALES!$B:$B,REPORT!BF$1)+COUNTIFS(Consolidate!$A:$A,REPORT!$B$44,Consolidate!$F:$F,REPORT!$B47,Consolidate!$B:$B,REPORT!BF$1) -> 0 | BG47: =COUNTIFS(SALES!$A:$A,REPORT!$B$44,SALES!$F:$F,REPORT!$B47,SALES!$B:$B,REPORT!BG$1)+COUNTIFS(Consolidate!$A:$A,REPORT!$B$44,Consolidate!$F:$F,REPORT!$B47,Consolidate!$B:$B,REPORT!BG$1)-COUNTIFS(SALES!$A:$A,REPORT!$B$44,SALES!$F:$F,REPORT!$B47,SALES!$B:$B,REPORT!BG$1,SALES!$T:$T,"cancelled")*2 -> 2 | BH47: =COUNTIFS(SALES!$A:$A,REPORT!$B$44,SALES!$F:$F,REPORT!$B47,SALES!$B:$B,REPORT!BH$1)+COUNTIFS(Consolidate!$A:$A,REPORT!$B$44,Consolidate!$F:$F,REPORT!$B47,Consolidate!$B:$B,REPORT!BH$1)-COUNTIFS(SALES!$A:$A,REPORT!$B$44,SALES!$F:$F,REPORT!$B47,SALES!$B:$B,REPORT!BH$1,SALES!$T:$T,"cancelled")*2 -> 0 | BI47: =COUNTIFS(SALES!$A:$A,REPORT!$B$44,SALES!$F:$F,REPORT!$B47,SALES!$B:$B,REPORT!BI$1)+COUNTIFS(Consolidate!$A:$A,REPORT!$B$44,Consolidate!$F:$F,REPORT!$B47,Consolidate!$B:$B,REPORT!BI$1)-COUNTIFS(SALES!$A:$A,REPORT!$B$44,SALES!$F:$F,REPORT!$B47,SALES!$B:$B,REPORT!BI$1,SALES!$T:$T,"cancelled")*2 -> 0 | BJ47: =COUNTIFS(SALES!$A:$A,REPORT!$B$44,SALES!$F:$F,REPORT!$B47,SALES!$B:$B,REPORT!BJ$1)+COUNTIFS(Consolidate!$A:$A,REPORT!$B$44,Consolidate!$F:$F,REPORT!$B47,Consolidate!$B:$B,REPORT!BJ$1)-COUNTIFS(SALES!$A:$A,REPORT!$B$44,SALES!$F:$F,REPORT!$B47,SALES!$B:$B,REPORT!BJ$1,SALES!$T:$T,"cancelled")*2 -> 0 | BK47: =COUNTIFS(SALES!$A:$A,REPORT!$B$44,SALES!$F:$F,REPORT!$B47,SALES!$B:$B,REPORT!BK$1)+COUNTIFS(Consolidate!$A:$A,REPORT!$B$44,Consolidate!$F:$F,REPORT!$B47,Consolidate!$B:$B,REPORT!BK$1)-COUNTIFS(SALES!$A:$A,REPORT!$B$44,SALES!$F:$F,REPORT!$B47,SALES!$B:$B,REPORT!BK$1,SALES!$T:$T,"cancelled")*2 -> 0 | BL47: =COUNTIFS(SALES!$A:$A,REPORT!$B$44,SALES!$F:$F,REPORT!$B47,SALES!$B:$B,REPORT!BL$1)+COUNTIFS(Consolidate!$A:$A,REPORT!$B$44,Consolidate!$F:$F,REPORT!$B47,Consolidate!$B:$B,REPORT!BL$1)-COUNTIFS(SALES!$A:$A,REPORT!$B$44,SALES!$F:$F,REPORT!$B47,SALES!$B:$B,REPORT!BL$1,SALES!$T:$T,"cancelled")*2 -> 0 | BM47: =COUNTIFS(SALES!$A:$A,REPORT!$B$44,SALES!$F:$F,REPORT!$B47,SALES!$B:$B,REPORT!BM$1)+COUNTIFS(Consolidate!$A:$A,REPORT!$B$44,Consolidate!$F:$F,REPORT!$B47,Consolidate!$B:$B,REPORT!BM$1)-COUNTIFS(SALES!$A:$A,REPORT!$B$44,SALES!$F:$F,REPORT!$B47,SALES!$B:$B,REPORT!BM$1,SALES!$T:$T,"cancelled")*2 -> 0 | BN47: =COUNTIFS(SALES!$A:$A,REPORT!$B$44,SALES!$F:$F,REPORT!$B47,SALES!$B:$B,REPORT!BN$1)+COUNTIFS(Consolidate!$A:$A,REPORT!$B$44,Consolidate!$F:$F,REPORT!$B47,Consolidate!$B:$B,REPORT!BN$1)-COUNTIFS(SALES!$A:$A,REPORT!$B$44,SALES!$F:$F,REPORT!$B47,SALES!$B:$B,REPORT!BN$1,SALES!$T:$T,"cancelled")*2 -> 0 | ... BY47: =COUNTIFS(SALES!$A:$A,REPORT!$B$44,SALES!$F:$F,REPORT!$B47,SALES!$B:$B,REPORT!BY$1)+COUNTIFS(Consolidate!$A:$A,REPORT!$B$44,Consolidate!$F:$F,REPORT!$B47,Consolidate!$B:$B,REPORT!BY$1)-COUNTIFS(SALES!$A:$A,REPORT!$B$44,SALES!$F:$F,REPORT!$B47,SALES!$B:$B,REPORT!BY$1,SALES!$T:$T,"cancelled")*2 -> 11 | BZ47: =COUNTIFS(SALES!$A:$A,REPORT!$B$44,SALES!$F:$F,REPORT!$B47,SALES!$B:$B,REPORT!BZ$1)+COUNTIFS(Consolidate!$A:$A,REPORT!$B$44,Consolidate!$F:$F,REPORT!$B47,Consolidate!$B:$B,REPORT!BZ$1)-COUNTIFS(SALES!$A:$A,REPORT!$B$44,SALES!$F:$F,REPORT!$B47,SALES!$B:$B,REPORT!BZ$1,SALES!$T:$T,"cancelled") -> 9 | CA47: =COUNTIFS(SALES!$A:$A,REPORT!$B$44,SALES!$F:$F,REPORT!$B47,SALES!$B:$B,REPORT!CA$1)+COUNTIFS(Consolidate!$A:$A,REPORT!$B$44,Consolidate!$F:$F,REPORT!$B47,Consolidate!$B:$B,REPORT!CA$1)-COUNTIFS(SALES!$A:$A,REPORT!$B$44,SALES!$F:$F,REPORT!$B47,SALES!$B:$B,REPORT!CA$1,SALES!$T:$T,"cancelled") -> 2 | CB47: =COUNTIFS(SALES!$A:$A,REPORT!$B$44,SALES!$F:$F,REPORT!$B47,SALES!$B:$B,REPORT!CB$1)+COUNTIFS(Consolidate!$A:$A,REPORT!$B$44,Consolidate!$F:$F,REPORT!$B47,Consolidate!$B:$B,REPORT!CB$1)-COUNTIFS(SALES!$A:$A,REPORT!$B$44,SALES!$F:$F,REPORT!$B47,SALES!$B:$B,REPORT!CB$1,SALES!$T:$T,"cancelled") -> 1 | CC47: =COUNTIFS(SALES!$A:$A,REPORT!$B$44,SALES!$F:$F,REPORT!$B47,SALES!$B:$B,REPORT!CC$1)+COUNTIFS(Consolidate!$A:$A,REPORT!$B$44,Consolidate!$F:$F,REPORT!$B47,Consolidate!$B:$B,REPORT!CC$1)-COUNTIFS(SALES!$A:$A,REPORT!$B$44,SALES!$F:$F,REPORT!$B47,SALES!$B:$B,REPORT!CC$1,SALES!$T:$T,"cancelled") -> 0
A48: Units | B48: დახურული ავტოსადგომი | C48: =G48+H48+I48+F48+E48+D48 -> 0 | D48: =SUM(M48:Q48) -> 0 | E48: =SUM(R48:AC48) -> 0 | F48: =SUM(AD48:AO48) -> 0 | G48: =SUM(AP48:BA48) -> 0 | H48: =SUM(BB48:BM48) -> 0 | I48: =SUM(BN48:BY48) -> 0 | J48: =SUM(BZ48:CK48) -> 0 | M48: =COUNTIFS(SALES!$A:$A,REPORT!$B$44,SALES!$F:$F,REPORT!$B48,SALES!$B:$B,REPORT!M$1)+COUNTIFS(Consolidate!$A:$A,REPORT!$B$44,Consolidate!$F:$F,REPORT!$B48,Consolidate!$B:$B,REPORT!M$1) -> 0 | N48: =COUNTIFS(SALES!$A:$A,REPORT!$B$44,SALES!$F:$F,REPORT!$B48,SALES!$B:$B,REPORT!N$1)+COUNTIFS(Consolidate!$A:$A,REPORT!$B$44,Consolidate!$F:$F,REPORT!$B48,Consolidate!$B:$B,REPORT!N$1) -> 0 | O48: =COUNTIFS(SALES!$A:$A,REPORT!$B$44,SALES!$F:$F,REPORT!$B48,SALES!$B:$B,REPORT!O$1)+COUNTIFS(Consolidate!$A:$A,REPORT!$B$44,Consolidate!$F:$F,REPORT!$B48,Consolidate!$B:$B,REPORT!O$1) -> 0 | P48: =COUNTIFS(SALES!$A:$A,REPORT!$B$44,SALES!$F:$F,REPORT!$B48,SALES!$B:$B,REPORT!P$1)+COUNTIFS(Consolidate!$A:$A,REPORT!$B$44,Consolidate!$F:$F,REPORT!$B48,Consolidate!$B:$B,REPORT!P$1) -> 0 | Q48: =COUNTIFS(SALES!$A:$A,REPORT!$B$44,SALES!$F:$F,REPORT!$B48,SALES!$B:$B,REPORT!Q$1)+COUNTIFS(Consolidate!$A:$A,REPORT!$B$44,Consolidate!$F:$F,REPORT!$B48,Consolidate!$B:$B,REPORT!Q$1) -> 0 | R48: =COUNTIFS(SALES!$A:$A,REPORT!$B$44,SALES!$F:$F,REPORT!$B48,SALES!$B:$B,REPORT!R$1)+COUNTIFS(Consolidate!$A:$A,REPORT!$B$44,Consolidate!$F:$F,REPORT!$B48,Consolidate!$B:$B,REPORT!R$1) -> 0 | S48: =COUNTIFS(SALES!$A:$A,REPORT!$B$44,SALES!$F:$F,REPORT!$B48,SALES!$B:$B,REPORT!S$1)+COUNTIFS(Consolidate!$A:$A,REPORT!$B$44,Consolidate!$F:$F,REPORT!$B48,Consolidate!$B:$B,REPORT!S$1) -> 0 | T48: =COUNTIFS(SALES!$A:$A,REPORT!$B$44,SALES!$F:$F,REPORT!$B48,SALES!$B:$B,REPORT!T$1)+COUNTIFS(Consolidate!$A:$A,REPORT!$B$44,Consolidate!$F:$F,REPORT!$B48,Consolidate!$B:$B,REPORT!T$1) -> 0 | ... BF48: =COUNTIFS(SALES!$A:$A,REPORT!$B$44,SALES!$F:$F,REPORT!$B48,SALES!$B:$B,REPORT!BF$1)+COUNTIFS(Consolidate!$A:$A,REPORT!$B$44,Consolidate!$F:$F,REPORT!$B48,Consolidate!$B:$B,REPORT!BF$1) -> 0 | BG48: =COUNTIFS(SALES!$A:$A,REPORT!$B$44,SALES!$F:$F,REPORT!$B48,SALES!$B:$B,REPORT!BG$1)+COUNTIFS(Consolidate!$A:$A,REPORT!$B$44,Consolidate!$F:$F,REPORT!$B48,Consolidate!$B:$B,REPORT!BG$1)-COUNTIFS(SALES!$A:$A,REPORT!$B$44,SALES!$F:$F,REPORT!$B48,SALES!$B:$B,REPORT!BG$1,SALES!$T:$T,"cancelled")*2 -> 0 | BH48: =COUNTIFS(SALES!$A:$A,REPORT!$B$44,SALES!$F:$F,REPORT!$B48,SALES!$B:$B,REPORT!BH$1)+COUNTIFS(Consolidate!$A:$A,REPORT!$B$44,Consolidate!$F:$F,REPORT!$B48,Consolidate!$B:$B,REPORT!BH$1)-COUNTIFS(SALES!$A:$A,REPORT!$B$44,SALES!$F:$F,REPORT!$B48,SALES!$B:$B,REPORT!BH$1,SALES!$T:$T,"cancelled")*2 -> 0 | BI48: =COUNTIFS(SALES!$A:$A,REPORT!$B$44,SALES!$F:$F,REPORT!$B48,SALES!$B:$B,REPORT!BI$1)+COUNTIFS(Consolidate!$A:$A,REPORT!$B$44,Consolidate!$F:$F,REPORT!$B48,Consolidate!$B:$B,REPORT!BI$1)-COUNTIFS(SALES!$A:$A,REPORT!$B$44,SALES!$F:$F,REPORT!$B48,SALES!$B:$B,REPORT!BI$1,SALES!$T:$T,"cancelled")*2 -> 0 | BJ48: =COUNTIFS(SALES!$A:$A,REPORT!$B$44,SALES!$F:$F,REPORT!$B48,SALES!$B:$B,REPORT!BJ$1)+COUNTIFS(Consolidate!$A:$A,REPORT!$B$44,Consolidate!$F:$F,REPORT!$B48,Consolidate!$B:$B,REPORT!BJ$1)-COUNTIFS(SALES!$A:$A,REPORT!$B$44,SALES!$F:$F,REPORT!$B48,SALES!$B:$B,REPORT!BJ$1,SALES!$T:$T,"cancelled")*2 -> 0 | BK48: =COUNTIFS(SALES!$A:$A,REPORT!$B$44,SALES!$F:$F,REPORT!$B48,SALES!$B:$B,REPORT!BK$1)+COUNTIFS(Consolidate!$A:$A,REPORT!$B$44,Consolidate!$F:$F,REPORT!$B48,Consolidate!$B:$B,REPORT!BK$1)-COUNTIFS(SALES!$A:$A,REPORT!$B$44,SALES!$F:$F,REPORT!$B48,SALES!$B:$B,REPORT!BK$1,SALES!$T:$T,"cancelled")*2 -> 0 | BL48: =COUNTIFS(SALES!$A:$A,REPORT!$B$44,SALES!$F:$F,REPORT!$B48,SALES!$B:$B,REPORT!BL$1)+COUNTIFS(Consolidate!$A:$A,REPORT!$B$44,Consolidate!$F:$F,REPORT!$B48,Consolidate!$B:$B,REPORT!BL$1)-COUNTIFS(SALES!$A:$A,REPORT!$B$44,SALES!$F:$F,REPORT!$B48,SALES!$B:$B,REPORT!BL$1,SALES!$T:$T,"cancelled")*2 -> 0 | BM48: =COUNTIFS(SALES!$A:$A,REPORT!$B$44,SALES!$F:$F,REPORT!$B48,SALES!$B:$B,REPORT!BM$1)+COUNTIFS(Consolidate!$A:$A,REPORT!$B$44,Consolidate!$F:$F,REPORT!$B48,Consolidate!$B:$B,REPORT!BM$1)-COUNTIFS(SALES!$A:$A,REPORT!$B$44,SALES!$F:$F,REPORT!$B48,SALES!$B:$B,REPORT!BM$1,SALES!$T:$T,"cancelled")*2 -> 0 | BN48: =COUNTIFS(SALES!$A:$A,REPORT!$B$44,SALES!$F:$F,REPORT!$B48,SALES!$B:$B,REPORT!BN$1)+COUNTIFS(Consolidate!$A:$A,REPORT!$B$44,Consolidate!$F:$F,REPORT!$B48,Consolidate!$B:$B,REPORT!BN$1)-COUNTIFS(SALES!$A:$A,REPORT!$B$44,SALES!$F:$F,REPORT!$B48,SALES!$B:$B,REPORT!BN$1,SALES!$T:$T,"cancelled")*2 -> 0 | ... BY48: =COUNTIFS(SALES!$A:$A,REPORT!$B$44,SALES!$F:$F,REPORT!$B48,SALES!$B:$B,REPORT!BY$1)+COUNTIFS(Consolidate!$A:$A,REPORT!$B$44,Consolidate!$F:$F,REPORT!$B48,Consolidate!$B:$B,REPORT!BY$1)-COUNTIFS(SALES!$A:$A,REPORT!$B$44,SALES!$F:$F,REPORT!$B48,SALES!$B:$B,REPORT!BY$1,SALES!$T:$T,"cancelled")*2 -> 0 | BZ48: =COUNTIFS(SALES!$A:$A,REPORT!$B$44,SALES!$F:$F,REPORT!$B48,SALES!$B:$B,REPORT!BZ$1)+COUNTIFS(Consolidate!$A:$A,REPORT!$B$44,Consolidate!$F:$F,REPORT!$B48,Consolidate!$B:$B,REPORT!BZ$1)-COUNTIFS(SALES!$A:$A,REPORT!$B$44,SALES!$F:$F,REPORT!$B48,SALES!$B:$B,REPORT!BZ$1,SALES!$T:$T,"cancelled") -> 0 | CA48: =COUNTIFS(SALES!$A:$A,REPORT!$B$44,SALES!$F:$F,REPORT!$B48,SALES!$B:$B,REPORT!CA$1)+COUNTIFS(Consolidate!$A:$A,REPORT!$B$44,Consolidate!$F:$F,REPORT!$B48,Consolidate!$B:$B,REPORT!CA$1)-COUNTIFS(SALES!$A:$A,REPORT!$B$44,SALES!$F:$F,REPORT!$B48,SALES!$B:$B,REPORT!CA$1,SALES!$T:$T,"cancelled") -> 0 | CB48: =COUNTIFS(SALES!$A:$A,REPORT!$B$44,SALES!$F:$F,REPORT!$B48,SALES!$B:$B,REPORT!CB$1)+COUNTIFS(Consolidate!$A:$A,REPORT!$B$44,Consolidate!$F:$F,REPORT!$B48,Consolidate!$B:$B,REPORT!CB$1)-COUNTIFS(SALES!$A:$A,REPORT!$B$44,SALES!$F:$F,REPORT!$B48,SALES!$B:$B,REPORT!CB$1,SALES!$T:$T,"cancelled") -> 0 | CC48: =COUNTIFS(SALES!$A:$A,REPORT!$B$44,SALES!$F:$F,REPORT!$B48,SALES!$B:$B,REPORT!CC$1)+COUNTIFS(Consolidate!$A:$A,REPORT!$B$44,Consolidate!$F:$F,REPORT!$B48,Consolidate!$B:$B,REPORT!CC$1)-COUNTIFS(SALES!$A:$A,REPORT!$B$44,SALES!$F:$F,REPORT!$B48,SALES!$B:$B,REPORT!CC$1,SALES!$T:$T,"cancelled") -> 0
A49: Units | B49: სარდაფი | C49: =G49+H49+I49+F49+E49+D49 -> 0 | D49: =SUM(M49:Q49) -> 0 | E49: =SUM(R49:AC49) -> 0 | F49: =SUM(AD49:AO49) -> 0 | G49: =SUM(AP49:BA49) -> 0 | H49: =SUM(BB49:BM49) -> 0 | I49: =SUM(BN49:BY49) -> 0 | J49: =SUM(BZ49:CK49) -> 0 | M49: =COUNTIFS(SALES!$A:$A,REPORT!$B$44,SALES!$F:$F,REPORT!$B49,SALES!$B:$B,REPORT!M$1)+COUNTIFS(Consolidate!$A:$A,REPORT!$B$44,Consolidate!$F:$F,REPORT!$B49,Consolidate!$B:$B,REPORT!M$1) -> 0 | N49: =COUNTIFS(SALES!$A:$A,REPORT!$B$44,SALES!$F:$F,REPORT!$B49,SALES!$B:$B,REPORT!N$1)+COUNTIFS(Consolidate!$A:$A,REPORT!$B$44,Consolidate!$F:$F,REPORT!$B49,Consolidate!$B:$B,REPORT!N$1) -> 0 | O49: =COUNTIFS(SALES!$A:$A,REPORT!$B$44,SALES!$F:$F,REPORT!$B49,SALES!$B:$B,REPORT!O$1)+COUNTIFS(Consolidate!$A:$A,REPORT!$B$44,Consolidate!$F:$F,REPORT!$B49,Consolidate!$B:$B,REPORT!O$1) -> 0 | P49: =COUNTIFS(SALES!$A:$A,REPORT!$B$44,SALES!$F:$F,REPORT!$B49,SALES!$B:$B,REPORT!P$1)+COUNTIFS(Consolidate!$A:$A,REPORT!$B$44,Consolidate!$F:$F,REPORT!$B49,Consolidate!$B:$B,REPORT!P$1) -> 0 | Q49: =COUNTIFS(SALES!$A:$A,REPORT!$B$44,SALES!$F:$F,REPORT!$B49,SALES!$B:$B,REPORT!Q$1)+COUNTIFS(Consolidate!$A:$A,REPORT!$B$44,Consolidate!$F:$F,REPORT!$B49,Consolidate!$B:$B,REPORT!Q$1) -> 0 | R49: =COUNTIFS(SALES!$A:$A,REPORT!$B$44,SALES!$F:$F,REPORT!$B49,SALES!$B:$B,REPORT!R$1)+COUNTIFS(Consolidate!$A:$A,REPORT!$B$44,Consolidate!$F:$F,REPORT!$B49,Consolidate!$B:$B,REPORT!R$1) -> 0 | S49: =COUNTIFS(SALES!$A:$A,REPORT!$B$44,SALES!$F:$F,REPORT!$B49,SALES!$B:$B,REPORT!S$1)+COUNTIFS(Consolidate!$A:$A,REPORT!$B$44,Consolidate!$F:$F,REPORT!$B49,Consolidate!$B:$B,REPORT!S$1) -> 0 | T49: =COUNTIFS(SALES!$A:$A,REPORT!$B$44,SALES!$F:$F,REPORT!$B49,SALES!$B:$B,REPORT!T$1)+COUNTIFS(Consolidate!$A:$A,REPORT!$B$44,Consolidate!$F:$F,REPORT!$B49,Consolidate!$B:$B,REPORT!T$1) -> 0 | ... BF49: =COUNTIFS(SALES!$A:$A,REPORT!$B$44,SALES!$F:$F,REPORT!$B49,SALES!$B:$B,REPORT!BF$1)+COUNTIFS(Consolidate!$A:$A,REPORT!$B$44,Consolidate!$F:$F,REPORT!$B49,Consolidate!$B:$B,REPORT!BF$1) -> 0 | BG49: =COUNTIFS(SALES!$A:$A,REPORT!$B$44,SALES!$F:$F,REPORT!$B49,SALES!$B:$B,REPORT!BG$1)+COUNTIFS(Consolidate!$A:$A,REPORT!$B$44,Consolidate!$F:$F,REPORT!$B49,Consolidate!$B:$B,REPORT!BG$1)-COUNTIFS(SALES!$A:$A,REPORT!$B$44,SALES!$F:$F,REPORT!$B49,SALES!$B:$B,REPORT!BG$1,SALES!$T:$T,"cancelled")*2 -> 0 | BH49: =COUNTIFS(SALES!$A:$A,REPORT!$B$44,SALES!$F:$F,REPORT!$B49,SALES!$B:$B,REPORT!BH$1)+COUNTIFS(Consolidate!$A:$A,REPORT!$B$44,Consolidate!$F:$F,REPORT!$B49,Consolidate!$B:$B,REPORT!BH$1)-COUNTIFS(SALES!$A:$A,REPORT!$B$44,SALES!$F:$F,REPORT!$B49,SALES!$B:$B,REPORT!BH$1,SALES!$T:$T,"cancelled")*2 -> 0 | BI49: =COUNTIFS(SALES!$A:$A,REPORT!$B$44,SALES!$F:$F,REPORT!$B49,SALES!$B:$B,REPORT!BI$1)+COUNTIFS(Consolidate!$A:$A,REPORT!$B$44,Consolidate!$F:$F,REPORT!$B49,Consolidate!$B:$B,REPORT!BI$1)-COUNTIFS(SALES!$A:$A,REPORT!$B$44,SALES!$F:$F,REPORT!$B49,SALES!$B:$B,REPORT!BI$1,SALES!$T:$T,"cancelled")*2 -> 0 | BJ49: =COUNTIFS(SALES!$A:$A,REPORT!$B$44,SALES!$F:$F,REPORT!$B49,SALES!$B:$B,REPORT!BJ$1)+COUNTIFS(Consolidate!$A:$A,REPORT!$B$44,Consolidate!$F:$F,REPORT!$B49,Consolidate!$B:$B,REPORT!BJ$1)-COUNTIFS(SALES!$A:$A,REPORT!$B$44,SALES!$F:$F,REPORT!$B49,SALES!$B:$B,REPORT!BJ$1,SALES!$T:$T,"cancelled")*2 -> 0 | BK49: =COUNTIFS(SALES!$A:$A,REPORT!$B$44,SALES!$F:$F,REPORT!$B49,SALES!$B:$B,REPORT!BK$1)+COUNTIFS(Consolidate!$A:$A,REPORT!$B$44,Consolidate!$F:$F,REPORT!$B49,Consolidate!$B:$B,REPORT!BK$1)-COUNTIFS(SALES!$A:$A,REPORT!$B$44,SALES!$F:$F,REPORT!$B49,SALES!$B:$B,REPORT!BK$1,SALES!$T:$T,"cancelled")*2 -> 0 | BL49: =COUNTIFS(SALES!$A:$A,REPORT!$B$44,SALES!$F:$F,REPORT!$B49,SALES!$B:$B,REPORT!BL$1)+COUNTIFS(Consolidate!$A:$A,REPORT!$B$44,Consolidate!$F:$F,REPORT!$B49,Consolidate!$B:$B,REPORT!BL$1)-COUNTIFS(SALES!$A:$A,REPORT!$B$44,SALES!$F:$F,REPORT!$B49,SALES!$B:$B,REPORT!BL$1,SALES!$T:$T,"cancelled")*2 -> 0 | BM49: =COUNTIFS(SALES!$A:$A,REPORT!$B$44,SALES!$F:$F,REPORT!$B49,SALES!$B:$B,REPORT!BM$1)+COUNTIFS(Consolidate!$A:$A,REPORT!$B$44,Consolidate!$F:$F,REPORT!$B49,Consolidate!$B:$B,REPORT!BM$1)-COUNTIFS(SALES!$A:$A,REPORT!$B$44,SALES!$F:$F,REPORT!$B49,SALES!$B:$B,REPORT!BM$1,SALES!$T:$T,"cancelled")*2 -> 0 | BN49: =COUNTIFS(SALES!$A:$A,REPORT!$B$44,SALES!$F:$F,REPORT!$B49,SALES!$B:$B,REPORT!BN$1)+COUNTIFS(Consolidate!$A:$A,REPORT!$B$44,Consolidate!$F:$F,REPORT!$B49,Consolidate!$B:$B,REPORT!BN$1)-COUNTIFS(SALES!$A:$A,REPORT!$B$44,SALES!$F:$F,REPORT!$B49,SALES!$B:$B,REPORT!BN$1,SALES!$T:$T,"cancelled")*2 -> 0 | ... BY49: =COUNTIFS(SALES!$A:$A,REPORT!$B$44,SALES!$F:$F,REPORT!$B49,SALES!$B:$B,REPORT!BY$1)+COUNTIFS(Consolidate!$A:$A,REPORT!$B$44,Consolidate!$F:$F,REPORT!$B49,Consolidate!$B:$B,REPORT!BY$1)-COUNTIFS(SALES!$A:$A,REPORT!$B$44,SALES!$F:$F,REPORT!$B49,SALES!$B:$B,REPORT!BY$1,SALES!$T:$T,"cancelled")*2 -> 0 | BZ49: =COUNTIFS(SALES!$A:$A,REPORT!$B$44,SALES!$F:$F,REPORT!$B49,SALES!$B:$B,REPORT!BZ$1)+COUNTIFS(Consolidate!$A:$A,REPORT!$B$44,Consolidate!$F:$F,REPORT!$B49,Consolidate!$B:$B,REPORT!BZ$1)-COUNTIFS(SALES!$A:$A,REPORT!$B$44,SALES!$F:$F,REPORT!$B49,SALES!$B:$B,REPORT!BZ$1,SALES!$T:$T,"cancelled") -> 0 | CA49: =COUNTIFS(SALES!$A:$A,REPORT!$B$44,SALES!$F:$F,REPORT!$B49,SALES!$B:$B,REPORT!CA$1)+COUNTIFS(Consolidate!$A:$A,REPORT!$B$44,Consolidate!$F:$F,REPORT!$B49,Consolidate!$B:$B,REPORT!CA$1)-COUNTIFS(SALES!$A:$A,REPORT!$B$44,SALES!$F:$F,REPORT!$B49,SALES!$B:$B,REPORT!CA$1,SALES!$T:$T,"cancelled") -> 0 | CB49: =COUNTIFS(SALES!$A:$A,REPORT!$B$44,SALES!$F:$F,REPORT!$B49,SALES!$B:$B,REPORT!CB$1)+COUNTIFS(Consolidate!$A:$A,REPORT!$B$44,Consolidate!$F:$F,REPORT!$B49,Consolidate!$B:$B,REPORT!CB$1)-COUNTIFS(SALES!$A:$A,REPORT!$B$44,SALES!$F:$F,REPORT!$B49,SALES!$B:$B,REPORT!CB$1,SALES!$T:$T,"cancelled") -> 0 | CC49: =COUNTIFS(SALES!$A:$A,REPORT!$B$44,SALES!$F:$F,REPORT!$B49,SALES!$B:$B,REPORT!CC$1)+COUNTIFS(Consolidate!$A:$A,REPORT!$B$44,Consolidate!$F:$F,REPORT!$B49,Consolidate!$B:$B,REPORT!CC$1)-COUNTIFS(SALES!$A:$A,REPORT!$B$44,SALES!$F:$F,REPORT!$B49,SALES!$B:$B,REPORT!CC$1,SALES!$T:$T,"cancelled") -> 0
A50: Units | B50: ლისი | C50: =SUM(C51:C55) -> 356 | D50: =SUM(D51:D55) -> 0 | E50: =SUM(E51:E55) -> 0 | F50: =SUM(F51:F55) -> 31 | G50: =SUM(G51:G55) -> 127 | H50: =SUM(H51:H55) -> 86 | I50: =SUM(I51:I55) -> 112 | J50: =SUM(J51:J55) -> 32 | ... CC50: =SUM(CC51:CC55) -> 6
